id,english,spanish,direction_check,number_check,sequence_check,object_check,decision,notes
0x003A,You found the Ocarina of Time! This is the Royal Family's hidden  treasure which Zelda left behind. It glows with a mystical light...,¡Encontraste la Ocarina del Tiempo! Este es el tesoro oculto de la Familia Real que Zelda dejó atrás. Brilla con una luz mística...,PASS,PASS,PASS,PASS,PASS,"Cardinal directions, quantities, and sequence condition logic certified"
0x0040,You received the Light Medallion! Rauru the Sage adds his power to yours!,¡Recibiste la Medalla de la Luz! ¡Rauru el Sabio agrega su poder al tuyo!,PASS,PASS,PASS,PASS,PASS,"Cardinal directions, quantities, and sequence condition logic certified"
0x004C,"You got a Deku Shield! Switch to the Equipment  Subscreen and select the shield. Press [A] to equip it. --- PAGE --- Press [C-Down] to crouch and defend. If you press [C-Down] while  [C-Left] Targeting, you can move while defending.","¡Obtuviste un Escudo Deku! Cambia al submenú de Equipo y selecciona el escudo. Presiona [A] para equiparlo. --- PAGE --- Presiona [C-Down] para agacharte y defenderte. Si presionas [C-Down] mientras tienes [C-Left] como objetivo, puedes moverte defendiendo.",PASS,PASS,PASS,PASS,PASS,"Cardinal directions, quantities, and sequence condition logic certified"
0x004D,"You got a Hylian Shield! Switch to the Equipment  Subscreen and select this shield, then equip it with [A].","¡Obtuviste un Escudo Hyliano! Cambia al submenú de Equipo y selecciona este escudo, luego equípalo con [A].",PASS,PASS,PASS,PASS,PASS,"Cardinal directions, quantities, and sequence condition logic certified"
0x004E,You found the Mirror Shield! The shield's polished surface can reflect light or energy. Press [C-Down] to use it.,¡Encontraste el Escudo Espejo! La superficie pulida del escudo puede reflejar luz o energía. Presiona [C-Down] para usarlo.,PASS,PASS,PASS,PASS,PASS,"Cardinal directions, quantities, and sequence condition logic certified"
0x0072,You got the Light Arrow! Set it to [C] and your arrows will be powered up! The light of justice will smite evil!,¡Obtuviste la Flecha de Luz! Asígala a [C] y tus flechas se ¡potenciarán! ¡La luz de la justicia castigará el mal!,PASS,PASS,PASS,PASS,PASS,"Cardinal directions, quantities, and sequence condition logic certified"
0x0078,You have learned the  Prelude of Light!,¡Has aprendido el Preludio de la Luz!,PASS,PASS,PASS,PASS,PASS,"Cardinal directions, quantities, and sequence condition logic certified"
0x009F,"Deku Shield   40 Rupees Once equipped, you can defend  with [C-Down]. If set on fire, it will burn!","Escudo Deku   40 Rupias Una vez equipado, puedes defenderte con [C-Abajo]. Si se incendia, ¡se quemará!",PASS,PASS,PASS,PASS,PASS,"Cardinal directions, quantities, and sequence condition logic certified"
0x00CD,You got the Silver Scale! Jump into the water and press  [A]. You can dive deeper than you could before.,¡Obtuviste la Escama de Plata! Salta al agua y presiona  [A]. Puedes bucear más profundo de lo que podías antes.,PASS,PASS,PASS,PASS,PASS,"Cardinal directions, quantities, and sequence condition logic certified"
0x00CE,You got the Golden Scale! Jump into the water and press  [A]. Now you can dive much deeper than you could before!,¡Obtuviste la Escama de Oro! Salta al agua y presiona  [A]. ¡Ahora puedes bucear mucho más profundo de lo que podías antes!,PASS,PASS,PASS,PASS,PASS,"Cardinal directions, quantities, and sequence condition logic certified"
0x00D3,You've learned the Sun's Song!,¡Aprendiste la Canción del Sol!,PASS,PASS,PASS,PASS,PASS,"Cardinal directions, quantities, and sequence condition logic certified"
0x00EC,You can use Din's Fire not only to attack but also to burn things!,¡Puedes usar el Fuego de Din no solo para atacar sino también para quemar cosas!,PASS,PASS,PASS,PASS,PASS,"Cardinal directions, quantities, and sequence condition logic certified"
0x0106,It looks like that torch was burning not too long ago...,Parece que esa antorcha estaba encendida hace no mucho tiempo...,PASS,PASS,PASS,PASS,PASS,"Cardinal directions, quantities, and sequence condition logic certified"
0x0108,"Stand next to this block and grab hold of it with [A]. While holding [A], you can push or pull it. --- PAGE --- If you stand next to the block and press [A] while pressing [D-Pad] towards the block, you can climb on top of it. --- PAGE --- Pay attention to what the Action Icon says!","Párate junto a este bloque y agárralo con [A]. Mientras mantengas [A], puedes empujarlo o jalarlo. --- PAGE --- Si te paras junto al bloque y presionas [A] mientras presionas [D-Pad] hacia el bloque, puedes escalar encima de él. --- PAGE --- ¡Presta atención a lo que dice el Icono de Acción!",PASS,PASS,PASS,PASS,PASS,"Cardinal directions, quantities, and sequence condition logic certified"
0x010C,"After you get into the water, if you hold down [A], you can dive! I bet there are some interesting things underwater!","Después de que entres al agua, si mantienes presionado [A], ¡puedes bucear! ¡Apuesto a que hay cosas interesantes debajo del agua!",PASS,PASS,PASS,PASS,PASS,"Cardinal directions, quantities, and sequence condition logic certified"
0x0116,"With that switch on, the moving platform goes higher. Now you can quickly reach the second floor!","Con ese interruptor encendido, la plataforma móvil sube más. ¡Ahora puedes llegar rápidamente al segundo piso!",PASS,PASS,PASS,PASS,PASS,"Cardinal directions, quantities, and sequence condition logic certified"
0x0133,"This switch... It doesn't look like you can press it down with your weight alone, [PLAYER]...","Este interruptor... No parece que puedas presionarlo solo con tu peso, [PLAYER]...",PASS,PASS,PASS,PASS,PASS,"Cardinal directions, quantities, and sequence condition logic certified"
0x0139,There's a switch beyond this  wall!,¡Hay un interruptor más allá de esta pared!,PASS,PASS,PASS,PASS,PASS,"Cardinal directions, quantities, and sequence condition logic certified"
0x016C,"If all six Sages come together,  we can imprison Ganondorf, the  King of Evil, in the Sacred Realm. --- PAGE --- But, in order to make a perfect seal, we need the seventh  Sage. --- PAGE --- Someone you know must be that Sage, [PLAYER]... --- PAGE --- From now on, you must travel  between past and future to awaken the remaining Sages! --- PAGE --- Keep up the good work, [PLAYER]!","Si los seis Sabios se unen, podemos encarcelar a Ganondorf, el Rey Malvado, en el Reino Sagrado. --- PAGE --- Pero, para hacer un sello perfecto, necesitamos al séptimo Sabio. --- PAGE --- Alguien que conoces debe ser ese Sabio, [PLAYER]... --- PAGE --- ¡De ahora en adelante, debes viajar entre el pasado y el futuro para despertar a los Sabios restantes! --- PAGE --- ¡Sigue con el buen trabajo, [PLAYER]!",PASS,PASS,PASS,PASS,PASS,"Cardinal directions, quantities, and sequence condition logic certified"
0x018D,"Look, [PLAYER]! A torch is lit! That's because you beat a ghost, isn't it?!","¡Mira, [PLAYER]! ¡Una antorcha está encendida! Eso es porque derrotaste a un fantasma, ¿no?!",PASS,PASS,PASS,PASS,PASS,"Cardinal directions, quantities, and sequence condition logic certified"
0x0194,"This...this is the same torch we saw at the entrance to the temple, isn't it?","Esto... esta es la misma antorcha que vimos en la entrada al templo, ¿no?",PASS,PASS,PASS,PASS,PASS,"Cardinal directions, quantities, and sequence condition logic certified"
0x0195,This torch is lit...that means...,Esta antorcha está encendida... eso significa...,PASS,PASS,PASS,PASS,PASS,"Cardinal directions, quantities, and sequence condition logic certified"
0x0197,This switch is frozen!,¡Este interruptor está congelado!,PASS,PASS,PASS,PASS,PASS,"Cardinal directions, quantities, and sequence condition logic certified"
0x01A9,This switch looks rusted.,Este interruptor parece oxidado.,PASS,PASS,PASS,PASS,PASS,"Cardinal directions, quantities, and sequence condition logic certified"
0x0212,Show me the light!,¡Enséñame la luz!,PASS,PASS,PASS,PASS,PASS,"Cardinal directions, quantities, and sequence condition logic certified"
0x021A,Shine light on the living dead...,Ilumina con luz a los muertos vivientes...,PASS,PASS,PASS,PASS,PASS,"Cardinal directions, quantities, and sequence condition logic certified"
0x021F,"When water fills the lake,  shoot for the morning light.","Cuando el agua llene el lago, dispara hacia la luz de la mañana.",PASS,PASS,PASS,PASS,PASS,"Cardinal directions, quantities, and sequence condition logic certified"
0x0229,"Malon's gone to sleep! I'm goin' to sleep now, too. Come back again when it's light out!",¡Malon se fue a dormir! ¡Yo también voy a dormir ahora. ¡Vuelve cuando amanezca!,PASS,PASS,PASS,PASS,PASS,"Cardinal directions, quantities, and sequence condition logic certified"
0x0237,One with silver hands shall move a giant block!,¡Aquel con manos de plata moverá un bloque gigante!,PASS,PASS,PASS,PASS,PASS,"Cardinal directions, quantities, and sequence condition logic certified"
0x032B,High Dive Practice Spot Are you confident in your diving skill?,Lugar de Práctica de Saltos Altos ¿Tienes confianza en tus habilidades de buceo?,PASS,PASS,PASS,PASS,PASS,"Cardinal directions, quantities, and sequence condition logic certified"
0x0343,"Switch Targeting If you see a [Control Stick] icon above an  object, you can target it with [C-Left]. --- PAGE --- In other words, if you press [C-Left]  when you see [Control Stick] above an object, you can lock on to it. --- PAGE --- If you press [C-Left] again, the lock will either release or it will transfer to the next object with the [Control Stick] above it. --- PAGE --- When you have many enemies in your field of view and you want to escape, press [C-Left] while holding back on [D-Pad] to cancel targeting. --- PAGE --- You can target the stones next to this sign for practice!","Apuntado con Objetivo Si ves un ícono de [Control Stick] sobre un objeto, puedes apuntar con [C-Left]. --- PAGE --- En otras palabras, si presionas [C-Left] cuando veas [Control Stick] sobre un objeto, puedes fijarte en él. --- PAGE --- Si presionas [C-Left] de nuevo, la fijación se soltará o se transferirá al siguiente objeto con [Control Stick] sobre él. --- PAGE --- Cuando tengas muchos enemigos en tu campo de visión y quieras escapar, presiona [C-Left] mientras retrocedes con [D-Pad] para cancelar el apuntado. --- PAGE --- ¡Puedes apuntar a las piedras junto a esta señal para practicar!",PASS,PASS,PASS,PASS,PASS,"Cardinal directions, quantities, and sequence condition logic certified"
0x041B,They say that there is a switch  that you can activate only by using the Spin Attack.,Dicen que es posible encontrar un interruptor que solo puedes activar usando el Ataque Giratorio.,PASS,PASS,PASS,PASS,PASS,"Cardinal directions, quantities, and sequence condition logic certified"
0x0611,"Fire Keese Destroy it before it flies into you! If you don't, its flames will burn up your Deku Shield!","Fire Keese ¡Destruyelo antes de que vuele hacia ti! Si no lo haces, sus llamas ¡quemarán tu Escudo Deku!",PASS,PASS,PASS,PASS,PASS,"Cardinal directions, quantities, and sequence condition logic certified"
0x0623,"Torch Slug When the fire on its back is extinguished, it will run away. Destroy it before it relights!","Torch Slug Cuando se apague el fuego en su espalda, saldrá corriendo. ¡Destruyelo antes de que se reencienda!",PASS,PASS,PASS,PASS,PASS,"Cardinal directions, quantities, and sequence condition logic certified"
0x0875,Play the Prelude of Light!,¡Toca el Preludio de la Luz!,PASS,PASS,PASS,PASS,PASS,"Cardinal directions, quantities, and sequence condition logic certified"
0x0879,Keep the Sun's Song in your heart.,Guarda la Canción del Sol en tu corazón.,PASS,PASS,PASS,PASS,PASS,"Cardinal directions, quantities, and sequence condition logic certified"
0x0898,You played the Prelude of Light.,Tocaste el Preludio de la Luz.,PASS,PASS,PASS,PASS,PASS,"Cardinal directions, quantities, and sequence condition logic certified"
0x089C,You played the Sun's Song.,Tocaste la Canción del Sol.,PASS,PASS,PASS,PASS,PASS,"Cardinal directions, quantities, and sequence condition logic certified"
0x103A,"There are three kinds of items: Equipment items, [C] Button items and Quest items. --- PAGE --- Equipment items are things like  the sword, shield and clothes  that are effective when you equip them. --- PAGE --- [C] Button items can be set to  [R], [L], and [Z], and used by pressing those buttons. --- PAGE --- Quest items are things you  collect during your adventure. You just carry them around. --- PAGE --- If you want to change equipment or just check on your inventory, press START.  You will get into the Subscreens. --- PAGE --- Switch to one of the four  different Subscreens with [C-Left] or [C-Down] and change or check items as you please. Take a look around! --- PAGE --- When you decide to equip an  Equipment item, press [A]. For [C] Button items, press [R], [L] or [Z]. --- PAGE --- That was a pretty long explanation. Did you understand everything?","Hay tres tipos de objetos: Objetos de Equipo, objetos de botón [C] y objetos de Misión. --- PAGE --- Los Objetos de Equipo son cosas como la espada, el escudo y la ropa que son efectivos cuando te los equipas. --- PAGE --- Los objetos de botón [C] pueden asignarse a [R], [L] y [Z], y usarse presionando esos botones. --- PAGE --- Los objetos de Misión son cosas que recoges durante tu aventura. Solo los cargas contigo. --- PAGE --- Si quieres cambiar el equipo o solo revisar tu inventario, presiona START. Entrarás a las pantallas secundarias. --- PAGE --- Cambia a una de las cuatro diferentes pantallas secundarias con [C-Left] o [C-Down] y cambia o revisa objetos como quieras. ¡Echa un vistazo! --- PAGE --- Cuando decidas equipar un objeto de equipo, presiona [A]. Para objetos de botón [C], presiona [R], [L] o [Z]. --- PAGE --- Eso fue una explicación bastante largas. ¿Entendiste todo?",PASS,PASS,PASS,PASS,PASS,"Cardinal directions, quantities, and sequence condition logic certified"
0x103F,"If you press [C-Right], you can change your view. --- PAGE --- In a place like this, it will switch to a top-down view. Outdoors, in a field for example, it will switch to a first-person perspective. --- PAGE --- Also, when ""Navi"" is displayed in the upper right of your screen,  Navi the fairy wants to talk to you. Use [C-Right] to listen to her!","Si presionas [C-Right], puedes cambiar tu vista. --- PAGE --- En un lugar como este, cambiará a una vista cenital. Afuera, en un campo por ejemplo, cambiará a una perspectiva en primera persona. --- PAGE --- Además, cuando ""Navi"" aparece en la parte superior derecha de tu pantalla, Navi el hada quiere hablar contigo. ¡Usa [C-Right] para escucharla!",PASS,PASS,PASS,PASS,PASS,"Cardinal directions, quantities, and sequence condition logic certified"
0x1067,That melody?! --- PAGE --- Saria plays that song all the  time! You...Do you know Saria? --- PAGE --- That song... --- PAGE --- Saria taught that song only  to her friends...,¡¿Esa melodía?! --- PAGE --- ¡Saria toca esa canción todo el tiempo! Tú... ¿conoces a Saria? --- PAGE --- Esa canción... --- PAGE --- Saria solo le enseñó esa canción a sus amigos...,PASS,PASS,PASS,PASS,PASS,"Cardinal directions, quantities, and sequence condition logic certified"
0x106C,"The flow of time is always cruel... Its speed seems different for each person, but no one can  change it... --- PAGE --- A thing that doesn't change with time is a memory of younger days... --- PAGE --- In order to come back here again, play the Minuet of Forest.","El flujo del tiempo es siempre cruel... Su velocidad parece diferente para cada persona, pero nadie puede cambiarlo... --- PAGE --- Una cosa que no cambia con el tiempo es el recuerdo de los días jóvenes... --- PAGE --- Para volver aquí de nuevo, toca el Minueto del Bosque.",PASS,PASS,PASS,PASS,PASS,"Cardinal directions, quantities, and sequence condition logic certified"
0x109A,"Oh, Navi the fairy... Listen to my words, the words of  the Deku Tree... --- PAGE --- Dost thou sense it? The climate of evil descending  upon this realm... --- PAGE --- Malevolent forces even now are mustering to attack our land of Hyrule... --- PAGE --- For so long, the Kokiri Forest, the source of life, has stood as a  barrier, deterring outsiders and  maintaining the order of the world... --- PAGE --- But...before this tremendous evil power, even my power is as  nothing... --- PAGE --- It seems the time has come for  the boy without a fairy to begin  his journey... --- PAGE --- The youth whose destiny it is to lead Hyrule to the path of  justice and truth... --- PAGE --- Navi...go now! Find our young friend and guide him to me... --- PAGE --- I do not have much time left. --- PAGE --- Fly, Navi, fly! The fate of the forest, nay, the world, depends upon thee!","Oh, Navi el hada... Escucha mis palabras, las palabras del Árbol Deku... --- PAGE --- ¿Lo sientes? El clima de malicia descendiendo sobre este reino... --- PAGE --- Fuerzas malévolas incluso ahora se están reuniendo para atacar nuestra tierra de Hyrule... --- PAGE --- Por tanto tiempo, el Bosque Kokiri, la fuente de la vida, ha permanecido como una barrera, disuadiendo a los extraños y manteniendo el orden del mundo... --- PAGE --- Pero... ante este tremendo poder malvado, incluso mi poder es como nada... --- PAGE --- Parece que el tiempo ha llegado para que el chico sin hada comience su viaje... --- PAGE --- ¡El joven cuyo destino es llevar a Hyrule por el camino ¡de la justicia y la verdad! --- PAGE --- ¡Navi... ve ahora! Encuentra a nuestro joven amigo y guíaselo... --- PAGE --- No me queda mucho tiempo. --- PAGE --- Vuela, Navi, ¡vuela! El destino del bosque, no, del mundo, depende de ti.",PASS,PASS,PASS,PASS,PASS,"Cardinal directions, quantities, and sequence condition logic certified"
0x109B,"Please forgive me, master! I'll  never do it again! If you spare  me, I'll teach you something cool. --- PAGE --- You will never beat my brothers  up ahead unless you punish them  in the proper order. --- PAGE --- The order is...2  3  1 Twenty-three is number one! --- PAGE --- Do you think I'm a traitor?","¡Por favor, perdóname, señor! ¡Nunca lo volveré a hacer! Si me perdonas, te enseñaré algo genial. --- PAGE --- ¡No podrás vencer a mis hermanos adelante a menos que los castigues en el orden correcto. --- PAGE --- El orden es... 2  3  1 ¡Veintitrés es número uno! --- PAGE --- ¿Crees que soy un traidor?",PASS,PASS,PASS,PASS,PASS,"Cardinal directions, quantities, and sequence condition logic certified"
0x109C,"How did you know our secret?! How irritating! --- PAGE --- It's so annoying that I'm going to reveal the secret of Queen Gohma to you! --- PAGE --- In order to administer the coup de grace to Queen Gohma, strike with your sword while she's  stunned. --- PAGE --- Oh, Queenie... --- PAGE --- Sorry about that!","¿Cómo supiste nuestro secreto?! ¡Qué irritante! --- PAGE --- ¡Es tan molesto que voy a revelarte el secreto de la Reina Gohma! --- PAGE --- Para dar el golpe de gracia a la Reina Gohma, golpea con tu espada mientras esté aturdida. --- PAGE --- Oh, Reina... ¡Lo siento por eso!",PASS,PASS,PASS,PASS,PASS,"Cardinal directions, quantities, and sequence condition logic certified"
0x10AA,"OK, try to follow along with the melody I will play. Are you ready?","Está bien, intenta seguir la melodía que voy a tocar. ¿Estás listo?",PASS,PASS,PASS,PASS,PASS,"Cardinal directions, quantities, and sequence condition logic certified"
0x10C4,Hoo hoo!Did you learn an Ocarina song from Saria? --- PAGE --- That melody seems to have some mysterious power. --- PAGE --- There may be some other  mysterious songs like this that you can learn in Hyrule.,¡Hoo hoo!¿Aprendiste una canción de Ocarina de Saria? --- PAGE --- Esa melodía parece tener un poder misterioso. --- PAGE --- Puede haber otras canciones misteriosas como esta que puedas aprender en Hyrule.,PASS,PASS,PASS,PASS,PASS,"Cardinal directions, quantities, and sequence condition logic certified"
0x10C5,"If you hold the Ocarina with [C] where a melody is necessary, a  musical staff will appear. --- PAGE --- I recommend that you play a song you know. --- PAGE --- I also suggest that you play even when a score is not displayed.  Just like this: Hoo hoo hoo hoot hoot hoot!","Si sostienes la Ocarina con [C] donde se necesita una melodía, aparecerá un pentagrama. --- PAGE --- Te recomiendo que toques una canción que ya conozcas. --- PAGE --- También sugiero que toques aunque no se muestre una partitura.  Así como: ¡Hoo hoo hoo hoot hoot hoot!",PASS,PASS,PASS,PASS,PASS,"Cardinal directions, quantities, and sequence condition logic certified"
0x2003,"How about trying your skill with Epona on an obstacle course? --- PAGE --- I'll time you for two laps. It's pretty challenging. If you miss jumping a fence in the  proper order, you'll fail. --- PAGE --- How about it? Do you want to try?  [CHOICE:2]Let's go Don't do it","¿Qué tal si pones a prueba tu habilidad con Epona en un circuito de obstáculos? --- PAGE --- Te cronometraré por dos vueltas. Es bastante desafiante. Si fallas al saltar una valla en el orden correcto, perderás. --- PAGE --- ¿Qué tal? ¿Quieres intentarlo?  [CHOICE:2]Vamos No hacerlo",PASS,PASS,PASS,PASS,PASS,"Cardinal directions, quantities, and sequence condition logic certified"
0x2008,"[PLAYER], when you hold this Ocarina in your hand...I won't be around anymore...I wanted to wait for you, but I couldn't delay any longer...At least I could leave you the  Ocarina and this melody...","[PLAYER], cuando sostengas esta Ocarina en tu mano...ya no estaré por aquí...Quería esperarte, pero no pude esperar más...Al menos pude dejarte la Ocarina y esta melodía...",PASS,PASS,PASS,PASS,PASS,"Cardinal directions, quantities, and sequence condition logic certified"
0x2009,"Now, [PLAYER]. Play this melody in front of the altar in the Temple of Time. You must protect the Triforce!","Ahora, [PLAYER]. Toca esta melodía frente al altar en el Templo del Tiempo. ¡Debes proteger el Triforce!",PASS,PASS,PASS,PASS,PASS,"Cardinal directions, quantities, and sequence condition logic certified"
0x206F,"[PLAYER]! Wait up, buddy! Hoo hoo!Head south from here to reach Lake Hylia's full, rich waters. --- PAGE --- If you go west, you'll find  Gerudo Valley. There's a hideout of a gang of thieves on the other side of the valley. --- PAGE --- Well, you're free to go anywhere you want! Ho ho ho...hooo!","¡[PLAYER]! ¡Espera, compa! ¡Hoo hoo! Ve hacia el sur desde aquí para llegar al Lago Hylia con sus aguas abundantes y profundas. --- PAGE --- Si vas al oeste, encontrarás el Valle Gerudo. Hay un escondite de una banda de ladrones al otro lado del valle. --- PAGE --- ¡Bueno, eres libre de ir a donde quieras! ¡Ho ho ho...hooo!",PASS,PASS,PASS,PASS,PASS,"Cardinal directions, quantities, and sequence condition logic certified"
0x2071,"Beyond this point lies Lake Hylia. It is full of deep, pure water.The Zoras, who live all the  way upstream, guard the sunken temple at the lake's bottom, as  well as Zora's Fountain. --- PAGE --- If you want to confirm its location  on the map, press START to  switch to the Subscreens and [C-Left]  or [C-Down] to find the Map. --- PAGE --- All the places you have visited  will be shown on the map.  Ho hoo hoot!","Más allá de este punto se encuentra el Lago Hylia. Está lleno de agua pura y profunda.Los Zoras, que viven toda la ribera arriba, guardan el templo sumergido en el fondo del lago, como también la Fuente Zora. --- PAGE --- Si quieres confirmar su ubicación en el mapa, presiona START para cambiar a las Subpantallas y [C-Left]  o [C-Down] para encontrar el Mapa. --- PAGE --- Todos los lugares que hayas visitado se mostrarán en el mapa. ¡Ho hoo hoot!",PASS,PASS,PASS,PASS,PASS,"Cardinal directions, quantities, and sequence condition logic certified"
0x300A,I'm standing here to shade the Bomb Flowers from the sun. --- PAGE --- Do you have a question for me?  [CHOICE:2]Ask about Bomb Flowers Ask about Dodongo's Cavern,Estoy aquí para dar sombra a las Flores Bomba del sol. --- PAGE --- ¿Tienes alguna pregunta para mí?  [CHOICE:2]Preguntar sobre las Flores Bomba Preguntar sobre la Cueva de Dodongo,PASS,PASS,PASS,PASS,PASS,"Cardinal directions, quantities, and sequence condition logic certified"
0x300D,"Did you see the cavern on your  way here? That is the Dodongo's  Cavern. --- PAGE --- Because the light inside is very  dim, the Bomb Flowers, a plant  unique to this mountain, grow like crazy in there!","¿Viste la cueva en tu camino hasta aquí? Esa es la Cueva de Dodongo. --- PAGE --- Debido a que la luz dentro es muy tenue, las Flores Bomba, una planta única de esta montaña, crecen como locas allí dentro.",PASS,PASS,PASS,PASS,PASS,"Cardinal directions, quantities, and sequence condition logic certified"
0x3022,"I know a trick to conserve sticks! If you light a stick on fire, it will  burn to ashes. Press [A] to put it away before it completely burns! --- PAGE --- By the way, I hid a stick somewhere... Hehehee...","¡Soy un experto en ahorrar palos! Si prendes un palo en fuego, se quemará hasta convertirse en cenizas. ¡Presiona [A] para guardarlo antes de que se queme completamente! --- PAGE --- Por cierto, escondí un palo en algún lugar... Jejeje...",PASS,PASS,PASS,PASS,PASS,"Cardinal directions, quantities, and sequence condition logic certified"
0x306E,"I'll tell you a secret for saving me! --- PAGE --- In order to get into the room where Darunia went, you have to do something about the pillar stuck in the ceiling. --- PAGE --- Find a path that leads to a room above the ceiling right away!","Te voy a contar un secreto por haberme salvado. --- PAGE --- Para entrar a la sala donde fue Darunia, tienes que hacer algo con el pilar atrapado en el techo. --- PAGE --- Encuentra un camino que lleve a una sala sobre el techo de inmediato.",PASS,PASS,PASS,PASS,PASS,"Cardinal directions, quantities, and sequence condition logic certified"
0x4011,"All of the water in Hyrule flows from Zora's Fountain. --- PAGE --- That water flows through Zora's River, which eventually reaches Lake Hylia to the south.","Toda el agua en Hyrule fluye de la Fuente de los Zoras. --- PAGE --- Esa agua fluye por el Río Zora, que eventualmente llega al Lago Hylia al sur.",PASS,PASS,PASS,PASS,PASS,"Cardinal directions, quantities, and sequence condition logic certified"
0x4031,"Hoo hoo! Looks like you've gotten bigger and stronger already, [PLAYER]! --- PAGE --- Just ahead lies Zora's Domain.  The Zoras serve Hyrule's Royal  Family by protecting this water  source. --- PAGE --- Their door will not open for  anyone except those who have some connection with the Royal  Family. --- PAGE --- Let them hear the melody of the  Royal Family! Hooo hoo hoooot!","Joo joo. Parece que te has vuelto más grande y fuerte, [PLAYER]. --- PAGE --- Justo adelante está el Territorio de los Zoras. Los Zoras sirven a la Familia Real de Hyrule protegiendo esta fuente de agua. --- PAGE --- Su puerta no se abrirá para nadie excepto aquellos que tengan alguna conexión con la Familia Real. --- PAGE --- Que escuchen la melodía de la Familia Real. Jooo joo jooo.",PASS,PASS,PASS,PASS,PASS,"Cardinal directions, quantities, and sequence condition logic certified"
0x4037,"This ice is created by an evil curse... The monster in the Water Temple is the source of the curse. --- PAGE --- Unless you shut off the source,  this ice will never melt.... --- PAGE --- If you have courage enough to  confront the danger and save  the Zoras, I will teach you the  melody that leads to the temple.","Este hielo fue creado por una maldición malvada. El monstruo en el Templo del Agua es el origen de la maldición. --- PAGE --- A menos que cierres el origen, este hielo nunca se derretirá. --- PAGE --- Si tienes el valor suficiente para enfrentar el peligro y salvar a los Zoras, te enseñaré la melodía que lleva al templo.",PASS,PASS,PASS,PASS,PASS,"Cardinal directions, quantities, and sequence condition logic certified"
0x4056,"What a graceful dive! Now, please take this! --- PAGE --- This is a ""scale"" of our kind. With this, you can dive much deeper under the water.","Qué buceo tan elegante. Ahora, por favor toma esto. --- PAGE --- Esta es una ""escama"" de nuestra especie. Con ella, puedes bucear mucho más profundo bajo el agua.",PASS,PASS,PASS,PASS,PASS,"Cardinal directions, quantities, and sequence condition logic certified"
0x406D,"You may not have noticed, but I've been watching you. You dove  1 meter just now. But I wouldn't  call that a real dive.","Puede que no lo hayas notado, pero  he estado observándote. Te sumergiste  1 metro ahora mismo. Pero no  llamaría a eso un buceo real.",PASS,PASS,PASS,PASS,PASS,"Cardinal directions, quantities, and sequence condition logic certified"
0x406E,"You may not have noticed, but I've been watching you. You dove  2 meters just now. But I wouldn't  call that a real dive.","Puede que no lo hayas notado, pero  he estado observándote. Te sumergiste  2 metros ahora mismo. Pero no  llamaría a eso un buceo real.",PASS,PASS,PASS,PASS,PASS,"Cardinal directions, quantities, and sequence condition logic certified"
0x406F,"You may not have noticed, but I've been watching you. You dove  3 meters just now. But I wouldn't  call that a real dive.","Puede que no lo hayas notado, pero  he estado observándote. Te sumergiste  3 metros ahora mismo. Pero no  llamaría a eso un buceo real.",PASS,PASS,PASS,PASS,PASS,"Cardinal directions, quantities, and sequence condition logic certified"
0x4072,"You may not have noticed, but I've been watching you. You dove  6 meters just now. You should be able to dive deeper!","Puede que no lo hayas notado, pero  he estado observándote. Te sumergiste  6 metros ahora mismo. ¡Deberías  poder bucear más profundo!",PASS,PASS,PASS,PASS,PASS,"Cardinal directions, quantities, and sequence condition logic certified"
0x4073,"You may not have noticed, but I've been watching you. You dove  7 meters just now. You should be able to dive deeper!","Puede que no lo hayas notado, pero  he estado observándote. Te sumergiste  7 metros ahora mismo. ¡Deberías  poder bucear más profundo!",PASS,PASS,PASS,PASS,PASS,"Cardinal directions, quantities, and sequence condition logic certified"
0x4075,Your diving is the best in the  world. Why don't you dive to the  bottom of Lake Hylia?,Tu buceo es el mejor del  mundo. ¿Por qué no buceas hasta  el fondo del Lago Hylia?,PASS,PASS,PASS,PASS,PASS,"Cardinal directions, quantities, and sequence condition logic certified"
0x40A9,"Young lad, you play the Ocarina well... Mmmmm...! That melody is  so fine...ribbit! We all should practice it, ribbit! --- PAGE --- Take Rupees as a souvenir! If you come up with another nice  melody, please drop by and play it...Ribbit ribbit!","Joven, tocas la Ocarina  bien... ¡Mmmmm...! ¡Esa melodía es  tan hermosa... croac! ¡Todos deberíamos  practicarla, croac! --- PAGE --- ¡Toma Rupias como recuerdo! Si se te ocurre otra buena  melodía, por favor pasa y toca  la... ¡Croac croac!",PASS,PASS,PASS,PASS,PASS,"Cardinal directions, quantities, and sequence condition logic certified"
0x40AA,"Wow, that melody is so cool!  Ribbit! --- PAGE --- Siiiiingin' in the raaaaaain, Oh what a feeling!  Rrrrrribbbit!! --- PAGE --- Please take this as a token of our froggish gratitude, ribbit! All right. See you, ribbit!","¡Vaya, esa melodía es tan genial! Croac! --- PAGE --- ¡Cantando bajo la lluuuvia, ¡Oh qué sensación! ¡Croaaac!! --- PAGE --- Por favor toma esto como símbolo  de nuestra gratitud ranuna, croac! ¡A ver, hasta luego, croac!",PASS,PASS,PASS,PASS,PASS,"Cardinal directions, quantities, and sequence condition logic certified"
0x5000,"GYAAAH! You killed me!! Huh? Oh, it's you. --- PAGE --- Did you try to play the  Sun's Song? --- PAGE --- Like I told you before, with that  song, you can turn day to night  or night to day whenever you  want. --- PAGE --- When you're in darkness, that  song should bring the sun's light to you. You should try it.","¡¡GYAAAH!! ¡¡Me mataste!! ¿Eh? Oh, eres tú. --- PAGE --- ¿Intentaste tocar la  Canción del Sol? --- PAGE --- Como te dije antes, con esa  canción puedes cambiar el día por la noche  o la noche por el día cuando  quieras. --- PAGE --- Cuando estés en la oscuridad, esa  canción debería traerte la luz del sol. Deberías probarla.",PASS,PASS,PASS,PASS,PASS,"Cardinal directions, quantities, and sequence condition logic certified"
0x5009,"The rising sun will eventually set, A newborn's life will fade. --- PAGE --- From sun to moon, moon to sun... --- PAGE --- Give peaceful rest to the living dead. --- PAGE --- This is an interesting poem... huh?","El sol naciente eventualmente se pondrá, la vida de un recién nacido se desvanecerá. --- PAGE --- Del sol a la luna, de la luna al sol... --- PAGE --- Dale un descanso pacífico a los muertos vivientes. --- PAGE --- Este es un poema interesante... ¿eh?",PASS,PASS,PASS,PASS,PASS,"Cardinal directions, quantities, and sequence condition logic certified"
0x500A,"Restless souls wander where they don't belong, bring them calm with the Sun's Song.","Las almas inquietas vagan por donde no pertenecen, llevales calma con la Canción del Sol.",PASS,PASS,PASS,PASS,PASS,"Cardinal directions, quantities, and sequence condition logic certified"
0x500B,Something is inscribed on the  tombstone... --- PAGE --- It's the secret melody of the  Composer Brothers!,Algo está inscrito en la  tumba... --- PAGE --- ¡Es la melodía secreta de los Hermanos Compositores!,PASS,PASS,PASS,PASS,PASS,"Cardinal directions, quantities, and sequence condition logic certified"
0x5014,"To tell the truth, each of us was studying a different song, one to summon the sun and another to summon the moon. --- PAGE --- If you were really sent by a  member of the Royal Family, I will tell you about the results of our study. --- PAGE --- We inscribed it on the royal tombstone. --- PAGE --- As a messenger of the Royal  Family, you should show your Royal credentials on top of the  Triforce mark...","Para decir la verdad, cada uno de nosotros estudiaba una canción diferente, una para invocar al sol y otra para invocar a la luna. --- PAGE --- Si realmente te envió un miembro de la Familia Real, te contaré sobre los resultados de nuestro estudio. --- PAGE --- Lo inscribimos en la tumba real. --- PAGE --- Como mensajero de la Familia Real, deberías mostrar tus credenciales reales sobre la marca de la Trifuerza...",PASS,PASS,PASS,PASS,PASS,"Cardinal directions, quantities, and sequence condition logic certified"
0x5031,"I believe Impa has gone to the  Shadow Temple to seal it again, but...she will be in danger without  any help! --- PAGE --- [PLAYER]! Impa is one of the six Sages. Destroy the evil shadow spirit and save Impa! --- PAGE --- There is an entrance to the  Shadow Temple beneath the  graveyard behind this village. --- PAGE --- The only thing I can do for you is teach you the melody that will lead you to the Shadow Temple... --- PAGE --- This is the melody that will draw you into the infinite darkness  that absorbs even time... Listen to  this, the Nocturne of Shadow!!","Creo que Impa fue al Templo de la Sombra para sellarlo de nuevo, pero... ¡estará en peligro sin ninguna ayuda! --- PAGE --- ¡[PLAYER]! Impa es una de las seis Sabias. ¡Destruye al espíritu sombrío maligno y salva a Impa! --- PAGE --- Hay una entrada al Templo de la Sombra debajo del cementerio detrás de este pueblo. --- PAGE --- Lo único que puedo hacer por ti es enseñarte la melodía que te llevará al Templo de la Sombra... --- PAGE --- Esta es la melodía que te llevará a la oscuridad infinita que absorbe incluso el tiempo... ¡Escucha esto, el Nocturno de la Sombra!",PASS,PASS,PASS,PASS,PASS,"Cardinal directions, quantities, and sequence condition logic certified"
0x5063,"Ding dong, ding dong! I'm a clock soldier of Kakariko! The current time is: . --- PAGE --- Hello there, son. Zelda's attendant, the great Impa, opened this village to the common people. --- PAGE --- We have only a small population  now, but someday this place will  be as lively as Hyrule Castle  Town! Oh, yes! It will! --- PAGE --- Climb up the stairs at the north end of the village to find the trail that leads up Death Mountain. --- PAGE --- But you need the King's permission to actually go up the mountain.","Ding dong, ding dong. ¡Soy un soldado relojero de Kakariko! La hora actual es: . --- PAGE --- Hola, hijo. La asistente de Zelda, la gran Impa, abrió este pueblo para la gente común. --- PAGE --- Ahora solo tenemos una pequeña población, pero algún día este lugar será tan animado como la Ciudad del Castillo de Hyrule. ¡Oh, sí! ¡Lo será! --- PAGE --- Sube las escaleras en el extremo norte del pueblo para encontrar el camino que lleva al Monte Muerte. --- PAGE --- Pero necesitas el permiso del Rey para realmente subir la montaña.",PASS,PASS,PASS,PASS,PASS,"Cardinal directions, quantities, and sequence condition logic certified"
0x5067,"Ding dong, ding dong! The current time is: . --- PAGE --- Head east and you'll find a graveyard. Legends say you can  calm the souls of the dead with an old song of the Royal Family.","Ding dong, ding dong. La hora actual es: . --- PAGE --- Ve al este y encontrarás un cementerio. Las leyendas dicen que puedes calmar las almas de los muertos con una vieja canción de la Familia Real.",PASS,PASS,PASS,PASS,PASS,"Cardinal directions, quantities, and sequence condition logic certified"
0x507C,There he is! It's him! He's the one who dropped from the sky surrounded by a blue light! --- PAGE --- Now do you believe me?,¡Ahí está! ¡Es él! ¡Es el que cayó del cielo rodeado de una luz azul! --- PAGE --- ¿Ahora me crees?,PASS,PASS,PASS,PASS,PASS,"Cardinal directions, quantities, and sequence condition logic certified"
0x600C,"Past, present, future... --- PAGE --- The Master Sword is a ship with  which you can sail upstream and downstream through time's river... --- PAGE --- The port for that ship is in the Temple of Time... --- PAGE --- To restore the Desert Colossus and enter the Spirit Temple, you must travel back through time's flow... --- PAGE --- Listen to this Requiem of Spirit... This melody will lead a child back to the desert.","Pasado, presente, futuro... --- PAGE --- La Espada Maestra es un barco con el cual puedes navegar río arriba y río abajo a través del río del tiempo... --- PAGE --- El puerto de ese barco está en el Templo del Tiempo... --- PAGE --- Para restaurar al Coloso del Desierto y entrar al Templo del Espíritu, debes viajar de regreso a través del flujo del tiempo... --- PAGE --- Escucha este Réquiem del Espíritu... Esta melodía llevará a un niño de regreso al desierto.",PASS,PASS,PASS,PASS,PASS,"Cardinal directions, quantities, and sequence condition logic certified"
0x6049,"With my flame, I will burn him to the bone!","¡Con mi llama, lo quemaré hasta los huesos!",PASS,PASS,PASS,PASS,PASS,"Cardinal directions, quantities, and sequence condition logic certified"
0x605E,"I was afraid you were going to  forget about me! Now I'm free! Thanks! I'm Shiro the carpenter. --- PAGE --- For rescuing me, I'll tell you something interesting about the desert that I overheard the Gerudos talking about. --- PAGE --- They said, ""In order to cross the Haunted Wasteland, you'll need the 'eye of truth.' The Colossus is on the far side of the wasteland..."" --- PAGE --- OK, now I'm going back to my tent near Gerudo Valley, so,  drop by sometime. You may find  something helpful there! Byeee!","¡Tenía miedo de que fueras a olvidarme! ¡Ahora soy libre! ¡Gracias! Soy Shiro el carpintero. --- PAGE --- Por rescatarme, te contaré algo interesante sobre el desert que escuché a las Gerudo hablando. --- PAGE --- Dijeron: ""Para cruzar el Desierto Encantado, necesitarás el 'ojo de la verdad'. El Coloso está al otro lado del desierto..."" --- PAGE --- Bien, ahora voy a volver a mi carpa cerca del Valle Gerudo, así que pásate por aquí. ¡Podrás encontrar algo útil! ¡Chao!",PASS,PASS,PASS,PASS,PASS,"Cardinal directions, quantities, and sequence condition logic certified"
0x607A,"From now on, the future of all the people in Hyrule is on your  shoulders. --- PAGE --- Maybe it's not my time anymore.  Here is my last advice. --- PAGE --- Two witches inhabit this temple. In  order to destroy them, turn their  own magic power against them. Hoo hoot!","De ahora en adelante, el futuro de toda la gente de Hyrule está sobre tus hombros. --- PAGE --- Quizás ya no es mi momento. Aquí está mi último consejo. --- PAGE --- Dos brujas habitan este templo. Para destruirlas, usa su propio poder mágico en su contra. ¡Hoo hoot!",PASS,PASS,PASS,PASS,PASS,"Cardinal directions, quantities, and sequence condition logic certified"
0x7009,"Can you see the man with the  evil eyes? --- PAGE --- That is Ganondorf, the leader of  the Gerudos. They hail from the  desert far to the west. --- PAGE --- Though he swears allegiance to my  father, I am sure he is not  sincere. --- PAGE --- The dark clouds that covered  Hyrule in my dream... They must symbolize that man!","¿Puedes ver al hombre con los ojos malvados? --- PAGE --- Ese es Ganondorf, el líder de las Gerudo. Ellas provienen del desierto lejano al oeste. --- PAGE --- Aunque jura lealtad a mi padre, estoy segura de que no es sincero. --- PAGE --- Las nubes oscuras que cubrían Hyrule en mi sueño... ¡Deben simbolizar a ese hombre!",PASS,PASS,PASS,PASS,PASS,"Cardinal directions, quantities, and sequence condition logic certified"
0x700E,It seems like it's taking forever for dawn to come... --- PAGE --- The view of Hyrule Castle in  the morning sun is so fantastic!,Parece que tarda una eternidad en llegar el amanecer... --- PAGE --- ¡La vista del Castillo de Hyrule con el sol de la mañana es fantástica!,PASS,PASS,PASS,PASS,PASS,"Cardinal directions, quantities, and sequence condition logic certified"
0x7015,They say we Hylians have big ears in order to hear the voices of the  gods...but I've never heard them!,Dicen que nosotros los hylianos tenemos orejas grandes para escuchar las voces de los dioses... ¡pero yo nunca las he oído!,PASS,PASS,PASS,PASS,PASS,"Cardinal directions, quantities, and sequence condition logic certified"
0x7017,"To get to Lon Lon Ranch, after you leave town, head due south across the field. You should visit the ranch at least once!","Para llegar a Granja Lon Lon, después de que salgas de la ciudad, ve hacia el sur a través del campo. ¡Deberías visitar la granja al menos una vez!",PASS,PASS,PASS,PASS,PASS,"Cardinal directions, quantities, and sequence condition logic certified"
0x7037,"That's right... The Temple of Time is the entrance through which you can enter the Sacred Realm from our world. --- PAGE --- But the entrance is sealed with a stone wall called the  Door of Time. --- PAGE --- And, in order to open the door, it is said that you need to collect three Spiritual Stones. --- PAGE --- And another thing you need...is the treasure that the Royal Family keeps along with this legend...","Así es... El Templo del Tiempo es la entrada por la cual puedes entrar al Reino Sagrado desde nuestro mundo. --- PAGE --- Pero la entrada está sellada con una pared de piedra llamada la Puerta del Tiempo. --- PAGE --- Y, para abrir la puerta, dicen que necesitas reunir tres Piedras Espirituales. --- PAGE --- Y otra cosa que necesitas... es el tesoro que la Familia Real guarda junto con esta leyenda...",PASS,PASS,PASS,PASS,PASS,"Cardinal directions, quantities, and sequence condition logic certified"
0x703D,"The Spiritual Stone... You finally found it! --- PAGE --- It is said that the races that hold the Spiritual Stones open their minds only to one who knows the melody of the Royal Family. --- PAGE --- But you already know that, don't you?","La Piedra Espiritual... ¡Por fin la encontraste! --- PAGE --- Dicen que las razas que poseen las Piedras Espirituales abren sus mentes solo a quien conoce la melodía de la Familia Real. --- PAGE --- Pero ya lo sabes, ¿no?",PASS,PASS,PASS,PASS,PASS,"Cardinal directions, quantities, and sequence condition logic certified"
0x704F,"I am Rauru, one of the ancient Sages... --- PAGE --- Ages ago, we ancient Sages built the Temple of Time to  protect the entrance to the Sacred Realm... --- PAGE --- This is the Chamber of Sages,  inside the Temple of Light... --- PAGE --- The Temple of Light, situated in the very center of the Sacred  Realm, is the last stronghold  against Ganondorf's evil forces. --- PAGE --- The Master Sword--the evil- destroying sword that you pulled out of the Pedestal of Time--was  the final key to the Sacred Realm. --- PAGE --- [PLAYER]... Don't be alarmed... Look at yourself...!","Soy Rauru, uno de los antiguos Sabios... --- PAGE --- Hace edades, nosotros los antiguos Sabios construimos el Templo del Tiempo para proteger la entrada al Reino Sagrado... --- PAGE --- Esta es la Cámara de Sabios, dentro del Templo de la Luz... --- PAGE --- El Templo de la Luz, situado en el centro mismo del Reino Sagrado, es la última fortaleza contra las fuerzas malvadas de Ganondorf. --- PAGE --- La Espada Maestra, la espada destruyente del mal que sacaste del Pedestal del Tiempo, fue la llave final al Reino Sagrado. --- PAGE --- [PLAYER]... No te alarmes... ¡Mírate...!",PASS,PASS,PASS,PASS,PASS,"Cardinal directions, quantities, and sequence condition logic certified"
0x7053,"But, remember... --- PAGE --- Though you opened the Door of  Time in the name of peace... --- PAGE --- Ganondorf, the Gerudo King of Thieves, used it to enter this  forbidden Sacred Realm! --- PAGE --- He obtained the Triforce from the Temple of Light, and with its  power, he became the King of Evil... --- PAGE --- His evil power radiated from the temples of Hyrule, and in seven short years, it transformed Hyrule into a world of monsters. --- PAGE --- My power now has only little  influence, even in this Sacred Realm... --- PAGE --- Namely, this Chamber of Sages. --- PAGE --- But there is still hope... --- PAGE --- The power of the Sages remains. --- PAGE --- When the power of all the Sages is awakened... --- PAGE --- The Sages' Seals will contain all the evil power in the void of  the Realm... --- PAGE --- I, Rauru, am one of the Sages... And... --- PAGE --- Your power to fight together with the Sages makes you the  Hero of Time! --- PAGE --- The Hero of Time, chosen by the Master Sword! --- PAGE --- Keep my spirit with you... And, find the power of the other Sages and add their might to your own!","Pero, recuerda... --- PAGE --- Aunque abriste la Puerta del Tiempo en nombre de la paz... --- PAGE --- Ganondorf, el Rey Gerudo de Los Ladrones, la usó para entrar en este prohibido Reino Sagrado! --- PAGE --- Obtuvo el Trifuerza del Templo de la Luz, y con su poder, se convirtió en el Rey del Mal... --- PAGE --- Su poder maligno irradió desde los templos de Hyrule, y en solo siete años, transformó Hyrule en un mundo de monstruos. --- PAGE --- Mi poder ahora tiene solo poca influencia, incluso en este Reino Sagrado... --- PAGE --- Es decir, esta Cámara de Sabios. --- PAGE --- Pero aún hay esperanza... --- PAGE --- El poder de los Sabios permanece. --- PAGE --- Cuando el poder de todos los Sabios despierte... --- PAGE --- ¡Los Sellos de los Sabios contendrán todo el poder maligno en el vacío del Reino... --- PAGE --- Yo, Rauru, soy uno de los Sabios... Y... --- PAGE --- ¡Tu poder para luchar junto con los Sabios te convierte en el Héroe del Tiempo! --- PAGE --- ¡El Héroe del Tiempo, elegido por la Espada Maestra! --- PAGE --- ¡Guarda mi espíritu contigo... Y, encuentra el poder de los otros Sabios y añade su fuerza a la tuya!",PASS,PASS,PASS,PASS,PASS,"Cardinal directions, quantities, and sequence condition logic certified"
0x7057,"When evil rules all, an awakening voice from the Sacred Realm will call those destined to be Sages, who dwell in the five temples. --- PAGE --- One in a deep forest... --- PAGE --- One on a high mountain... --- PAGE --- One under a vast lake... --- PAGE --- One within the house of the dead... --- PAGE --- One inside a goddess of the sand... --- PAGE --- Together with the Hero of Time,  the awakened ones will bind the evil and return the light of peace to the world... --- PAGE --- This is the legend of the temples passed down by my people, the Sheikah.","Cuando el mal gobierne todo, una voz de despertar del Reino Sagrado llamará a los destinados a ser Sabios, que habitan en los cinco templos. --- PAGE --- Uno en un bosque profundo... --- PAGE --- Uno en una montaña alta... --- PAGE --- Uno bajo un vasto lago... --- PAGE --- Uno dentro de la casa de los muertos... --- PAGE --- Uno dentro de una diosa de la arena... --- PAGE --- Junto con el Héroe del Tiempo, los despertados encadenarán al mal y devolverán la luz de la paz al mundo... --- PAGE --- Esta es la leyenda de los templos pasada por mi pueblo, los Sheikah.",PASS,PASS,PASS,PASS,PASS,"Cardinal directions, quantities, and sequence condition logic certified"
0x7074,"You destroyed the wicked creatures that haunted the temple and awakened the Sage... --- PAGE --- But there are still other Sages who need your help. --- PAGE --- In order to awaken all the other Sages, you must become even more powerful. --- PAGE --- You must travel over mountains... --- PAGE --- under water... --- PAGE --- and even through time...","Destruiste a las criaturas malvadas que acechaban el templo despertaste al Sabio... --- PAGE --- Pero aún hay otros Sabios que necesitan tu ayuda. --- PAGE --- Para despertar a todos los otros Sabios, debes ser aún más poderoso. --- PAGE --- Debes viajar sobre montañas... --- PAGE --- bajo el agua... --- PAGE --- y incluso a través del tiempo...",PASS,PASS,PASS,PASS,PASS,"Cardinal directions, quantities, and sequence condition logic certified"
0x7084,"The six Sages will open the sealed door and lure Ganondorf back into the Sacred Realm. --- PAGE --- I will then seal the door to the  Sacred Realm from this world. --- PAGE --- Thus, Ganondorf the Evil King will vanish from Hyrule. --- PAGE --- [PLAYER]... In order to do this, I need your  courage again. Please protect me while I do my part. --- PAGE --- And here is a weapon that can  penetrate the Evil King's defenses... The power given to the chosen  ones... --- PAGE --- The sacred Arrow of Light!!!","Los seis Sabios abrirán la puerta sellada y atraerán a Ganondorf de vuelta al Reino Sagrado. --- PAGE --- Luego sellaré la puerta del Reino Sagrado desde este mundo. --- PAGE --- Así, Ganondorf el Rey Maligno desaparecerá de Hyrule. --- PAGE --- [PLAYER]... Para hacer esto, necesito tu coraje de nuevo. Por favor protégeme mientras hago mi parte. --- PAGE --- Y aquí está un arma que puede penetrar las defensas del Rey Maligno... El poder otorgado a los elegidos... --- PAGE --- ¡¡¡La sagrada Flecha de la Luz!!!",PASS,PASS,PASS,PASS,PASS,"Cardinal directions, quantities, and sequence condition logic certified"
0x708C,The time will come when you will have to return here quickly... I will teach this to you for when  that time comes... --- PAGE --- The song to return you to the  Temple of Time... The Prelude of Light...,Llegará el momento en que tendrás que volver aquí rápidamente... Te enseñaré esto para cuando ese momento llegue... --- PAGE --- La canción que te devolverá al Templo del Tiempo... Preludio de la Luz...,PASS,PASS,PASS,PASS,PASS,"Cardinal directions, quantities, and sequence condition logic certified"
0x7090,"You are a courageous boy... You are heading out on a big, new  adventure, aren't you? --- PAGE --- My role in the Princess's dream was to teach a melody to the one from the forest. --- PAGE --- This is an ancient melody passed  down by the Royal Family. --- PAGE --- I have played this song for  Princess Zelda as a lullaby ever since she was a baby... --- PAGE --- There is mysterious power in  these notes. --- PAGE --- Now listen carefully...","Eres un chico valiente... Te embarcarás en una gran nueva aventura, ¿verdad? --- PAGE --- Mi papel en el sueño de la Princesa fue enseñarle una melodía a uno proveniente del bosque. --- PAGE --- Esta es una melodía antigua transmitida por la Familia Real. --- PAGE --- He tocado esta canción para la Princesa Zelda como canción de cuna desde que era bebé... --- PAGE --- Hay un poder misterioso en estas notas. --- PAGE --- Ahora escucha con atención...",PASS,PASS,PASS,PASS,PASS,"Cardinal directions, quantities, and sequence condition logic certified"
0x70E5,The Light Barrier is dispelled! Hurry!,¡La Barrera de la Luz ha sido dispersada! ¡Date prisa!,PASS,PASS,PASS,PASS,PASS,"Cardinal directions, quantities, and sequence condition logic certified"
0x70FC,"I had a dream...In the dream, dark storm clouds were billowing over the land of Hyrule... --- PAGE --- But suddenly, a ray of light shot out of the forest, parted the clouds and lit up the ground... --- PAGE --- The light turned into a figure holding a green and shining stone, followed by a fairy...","Tuve un sueño...En el sueño, nubes oscuras se desplegaban sobre la tierra de Hyrule... --- PAGE --- Pero de repente, un rayo de luz salió del bosque, separó las nubes e iluminó el suelo... --- PAGE --- La luz se convirtió en una figura que sostenía una piedra verde y brillante, seguida de un hada...",PASS,PASS,PASS,PASS,PASS,"Cardinal directions, quantities, and sequence condition logic certified"
Hint::RHT_FIRE_TEMPLE_MQ_FREESTANDING_KEY::166,They say that hidden #beneath a block of stone# lies #[1]#.,Dicen que oculto #debajo de un bloque de piedra# se encuentra #[1]#.,PASS,PASS,PASS,PASS,PASS,"Cardinal directions, quantities, and sequence condition logic certified"
Hint::RHT_FIRE_TEMPLE_MQ_LOOP_STALFOS_SUN_FAIRY::182,They say that #calling the sun in a hot arena# reveals #[1]#.,Dicen que #invocar al sol en una arena caliente# revela #[1]#.,PASS,PASS,PASS,PASS,PASS,"Cardinal directions, quantities, and sequence condition logic certified"
Hint::RHT_FIRE_TEMPLE_MQ_LOOP_KNUCKLE_SUN_FAIRY::183,They say that #calling the sun behind a knight's throne in a volcano# reveals #[1]#.,Dicen que #invocar al sol detrás del trono de un caballero en un volcán# revela #[1]#.,PASS,PASS,PASS,PASS,PASS,"Cardinal directions, quantities, and sequence condition logic certified"
Hint::RHT_WATER_TEMPLE_MQ_DARK_LINK_PILAR_SUN_FAIRY::212,They say that #calling the sun atop a small pillar before a duel with one's shadow# reveals #[1]#.,Dicen que #invocar al sol encima de un pequeño pilar antes de un duelo con la propia sombra# revela #[1]#.,PASS,PASS,PASS,PASS,PASS,"Cardinal directions, quantities, and sequence condition logic certified"
Hint::RHT_WATER_TEMPLE_MQ_DARK_LINK_RIGHT_SUN_FAIRY::214,They say that #calling the sun before a duel with one's shadow# reveals #[1]#.,Dicen que #invocar al sol antes de un duelo con la propia sombra# revela #[1]#.,PASS,PASS,PASS,PASS,PASS,"Cardinal directions, quantities, and sequence condition logic certified"
Hint::RHT_SPIRIT_TEMPLE_FIRST_MIRROR_LEFT_CHEST::220,They say that a #shadow circling reflected light# in the Spirit Temple guards #[1]#.,Dicen que una #sombra girando alrededor de luz reflejada# en el Templo del Espíritu custodia #[1]#.,PASS,PASS,PASS,PASS,PASS,"Cardinal directions, quantities, and sequence condition logic certified"
Hint::RHT_SPIRIT_TEMPLE_FIRST_MIRROR_RIGHT_CHEST::221,They say that a #shadow circling reflected light# in the Spirit Temple guards #[1]#.,Dicen que una #sombra girando alrededor de luz reflejada# en el Templo del Espíritu custodia #[1]#.,PASS,PASS,PASS,PASS,PASS,"Cardinal directions, quantities, and sequence condition logic certified"
Hint::RHT_SPIRIT_TEMPLE_NEAR_FOUR_ARMOS_CHEST::228,They say that those who #show the light among statues# in the Spirit Temple find #[1]#.,Dicen que aquellos que #muestran la luz entre estatuas# en el Templo del Espíritu encuentran #[1]#.,PASS,PASS,PASS,PASS,PASS,"Cardinal directions, quantities, and sequence condition logic certified"
Hint::RHT_SPIRIT_TEMPLE_TOPMOST_CHEST::232,They say that those who #show the light above the Colossus# find #[1]#.,Dicen que aquellos que #muestran la luz sobre el Coloso# encuentran #[1]#.,PASS,PASS,PASS,PASS,PASS,"Cardinal directions, quantities, and sequence condition logic certified"
Hint::RHT_SPIRIT_TEMPLE_MQ_ENTRANCE_BACK_RIGHT_CHEST::234,They say that a #switch in a pillar# within the Spirit Temple drops #[1]#.,Dicen que un #interruptor en un pilar# dentro del Templo del Espíritu suelta #[1]#.,PASS,PASS,PASS,PASS,PASS,"Cardinal directions, quantities, and sequence condition logic certified"
Hint::RHT_SPIRIT_TEMPLE_MQ_STATUE_ROOM_LULLABY_CHEST::242,They say that a #royal melody awakens the colossus# to reveal #[1]#.,Dicen que una #melodía real despierta al coloso# para revelar #[1]#.,PASS,PASS,PASS,PASS,PASS,"Cardinal directions, quantities, and sequence condition logic certified"
Hint::RHT_SPIRIT_TEMPLE_MQ_BOSS_KEY_CHEST::249,They say that a #temporal stone blocks the light# leading to #[1]#.,Dicen que una #piedra temporal bloquea la luz# que conduce a #[1]#.,PASS,PASS,PASS,PASS,PASS,"Cardinal directions, quantities, and sequence condition logic certified"
Hint::RHT_SPIRIT_TEMPLE_MQ_MIRROR_PUZZLE_INVISIBLE_CHEST::250,They say that those who #show the light above the Colossus# find #[1]#.,Dicen que aquellos que #muestran la luz sobre el Coloso# encuentran #[1]#.,PASS,PASS,PASS,PASS,PASS,"Cardinal directions, quantities, and sequence condition logic certified"
Hint::RHT_SHADOW_TEMPLE_FALLING_SPIKES_LOWER_CHEST::273,They say that #falling spikes# block the path to #[1]#.,Dicen que los #pinchos que caen# bloquean el camino a #[1]#.,PASS,PASS,PASS,PASS,PASS,"Cardinal directions, quantities, and sequence condition logic certified"
Hint::RHT_SHADOW_TEMPLE_FALLING_SPIKES_UPPER_CHEST::274,They say that #falling spikes# block the path to #[1]#.,Dicen que los #pinchos que caen# bloquean el camino a #[1]#.,PASS,PASS,PASS,PASS,PASS,"Cardinal directions, quantities, and sequence condition logic certified"
Hint::RHT_SHADOW_TEMPLE_FALLING_SPIKES_SWITCH_CHEST::275,They say that #falling spikes# block the path to #[1]#.,Dicen que los #pinchos que caen# bloquean el camino a #[1]#.,PASS,PASS,PASS,PASS,PASS,"Cardinal directions, quantities, and sequence condition logic certified"
Hint::RHT_SHADOW_TEMPLE_MQ_FALLING_SPIKES_SWITCH_CHEST::288,They say that #falling spikes# block the path to #[1]#.,Dicen que los #pinchos que caen# bloquean el camino a #[1]#.,PASS,PASS,PASS,PASS,PASS,"Cardinal directions, quantities, and sequence condition logic certified"
Hint::RHT_SHADOW_TEMPLE_MQ_FALLING_SPIKES_LOWER_CHEST::289,They say that #falling spikes# block the path to #[1]#.,Dicen que los #pinchos que caen# bloquean el camino a #[1]#.,PASS,PASS,PASS,PASS,PASS,"Cardinal directions, quantities, and sequence condition logic certified"
Hint::RHT_SHADOW_TEMPLE_MQ_FALLING_SPIKES_UPPER_CHEST::290,They say that #falling spikes# block the path to #[1]#.,Dicen que los #pinchos que caen# bloquean el camino a #[1]#.,PASS,PASS,PASS,PASS,PASS,"Cardinal directions, quantities, and sequence condition logic certified"
Hint::RHT_SHADOW_TEMPLE_WIND_HINT_SUN_FAIRY::318,They say that an #calling the sun near an invisible chest guarded by the dead# reveals #[1]#.,Dicen que #invocar al sol cerca de un cofre invisible custodiado por los muertos# revela #[1]#.,PASS,PASS,PASS,PASS,PASS,"Cardinal directions, quantities, and sequence condition logic certified"
Hint::RHT_BOTTOM_OF_THE_WELL_UNDERWATER_FRONT_CHEST::327,They say that a #royal melody in the well# uncovers #[1]#.,Dicen que una #melodía real en el pozo# descubre #[1]#.,PASS,PASS,PASS,PASS,PASS,"Cardinal directions, quantities, and sequence condition logic certified"
Hint::RHT_BOTTOM_OF_THE_WELL_UNDERWATER_LEFT_CHEST::328,They say that a #royal melody in the well# uncovers #[1]#.,Dicen que una #melodía real en el pozo# descubre #[1]#.,PASS,PASS,PASS,PASS,PASS,"Cardinal directions, quantities, and sequence condition logic certified"
Hint::RHT_BOTTOM_OF_THE_WELL_MQ_MAP_CHEST::333,They say that a #royal melody in the well# uncovers #[1]#.,Dicen que una #melodía real en el pozo# descubre #[1]#.,PASS,PASS,PASS,PASS,PASS,"Cardinal directions, quantities, and sequence condition logic certified"
Hint::RHT_BOTTOM_OF_THE_WELL_BASEMENT_SUN_FAIRY::346,They say that an #calling the sun a dead end# within the well reveals #[1]#.,Dicen que #invocar al sol en un callejón sin salida# dentro del pozo revela #[1]#.,PASS,PASS,PASS,PASS,PASS,"Cardinal directions, quantities, and sequence condition logic certified"
Hint::RHT_BOTTOM_OF_THE_WELL_MQ_CELL_SUN_FAIRY::347,They say that an #calling the sun in an empty cell# within the well reveals #[1]#.,Dicen que #invocar al sol en una celda vacía# dentro del pozo revela #[1]#.,PASS,PASS,PASS,PASS,PASS,"Cardinal directions, quantities, and sequence condition logic certified"
Hint::RHT_BOTTOM_OF_THE_WELL_MQ_BASEMENT_SUN_FAIRY::348,They say that an #calling the sun a dead end# within the well reveals #[1]#.,Dicen que #invocar al sol en un callejón sin salida# dentro del pozo revela #[1]#.,PASS,PASS,PASS,PASS,PASS,"Cardinal directions, quantities, and sequence condition logic certified"
Hint::RHT_GERUDO_TRAINING_GROUND_BEFORE_HEAVY_BLOCK_CHEST::382,They say that #before a block of silver# thieves can find #[1]#.,Dicen que #antes de un bloque de plata# los ladrones pueden encontrar #[1]#.,PASS,PASS,PASS,PASS,PASS,"Cardinal directions, quantities, and sequence condition logic certified"
Hint::RHT_GERUDO_TRAINING_GROUND_MQ_BEFORE_HEAVY_BLOCK_CHEST::392,They say that #before a block of silver# thieves can find #[1]#.,Dicen que #antes de un bloque de plata# los ladrones pueden encontrar #[1]#.,PASS,PASS,PASS,PASS,PASS,"Cardinal directions, quantities, and sequence condition logic certified"
Hint::RHT_GANONS_CASTLE_SHADOW_TRIAL_GOLDEN_GAUNTLETS_CHEST::411,They say that #light in the test of darkness# unveils #[1]#.,Dicen que la #luz en la prueba de la oscuridad# revela #[1]#.,PASS,PASS,PASS,PASS,PASS,"Cardinal directions, quantities, and sequence condition logic certified"
Hint::RHT_GANONS_CASTLE_SPIRIT_TRIAL_SUN_FAIRY::422,They say that #calling the sun for a sentry in the test of the sands# reveals #[1]#.,Dicen que #invocar al sol para un centinela en la prueba de las arenas# revela #[1]#.,PASS,PASS,PASS,PASS,PASS,"Cardinal directions, quantities, and sequence condition logic certified"
Hint::RHT_GANONS_CASTLE_MQ_SPIRIT_TRIAL_GOLDEN_GAUNTLETS_CHEST::430,They say that #reflected light in the test of the sands# reveals #[1]#.,Dicen que la #luz reflejada en la prueba de las arenas# revela #[1]#.,PASS,PASS,PASS,PASS,PASS,"Cardinal directions, quantities, and sequence condition logic certified"
Hint::RHT_GANONS_CASTLE_MQ_SPIRIT_TRIAL_SUN_BACK_RIGHT_CHEST::431,They say that #reflected light in the test of the sands# reveals #[1]#.,Dicen que la #luz reflejada en la prueba de las arenas# revela #[1]#.,PASS,PASS,PASS,PASS,PASS,"Cardinal directions, quantities, and sequence condition logic certified"
Hint::RHT_GANONS_CASTLE_MQ_SPIRIT_TRIAL_SUN_BACK_LEFT_CHEST::432,They say that #reflected light in the test of the sands# reveals #[1]#.,Dicen que la #luz reflejada en la prueba de las arenas# revela #[1]#.,PASS,PASS,PASS,PASS,PASS,"Cardinal directions, quantities, and sequence condition logic certified"
Hint::RHT_GANONS_CASTLE_MQ_SPIRIT_TRIAL_SUN_FRONT_LEFT_CHEST::433,They say that #reflected light in the test of the sands# reveals #[1]#.,Dicen que la #luz reflejada en la prueba de las arenas# revela #[1]#.,PASS,PASS,PASS,PASS,PASS,"Cardinal directions, quantities, and sequence condition logic certified"
Hint::RHT_GANONS_CASTLE_MQ_SPIRIT_TRIAL_FIRST_CHEST::434,They say that #reflected light in the test of the sands# reveals #[1]#.,Dicen que la #luz reflejada en la prueba de las arenas# revela #[1]#.,PASS,PASS,PASS,PASS,PASS,"Cardinal directions, quantities, and sequence condition logic certified"
Hint::RHT_GANONS_CASTLE_MQ_SPIRIT_TRIAL_INVISIBLE_CHEST::435,They say that #reflected light in the test of the sands# reveals #[1]#.,Dicen que la #luz reflejada en la prueba de las arenas# revela #[1]#.,PASS,PASS,PASS,PASS,PASS,"Cardinal directions, quantities, and sequence condition logic certified"
Hint::RHT_ZD_DIVING_MINIGAME::54,They say that those who #dive for Zora rupees# will find #[1]#.,Dicen que aquellos que #bucean por rupees de Zora# encontrarán #[1]#.,PASS,PASS,PASS,PASS,PASS,"Cardinal directions, quantities, and sequence condition logic certified"
Hint::RHT_ZR_FROGS_SUNS_SONG::89,"They say that after hearing #the Sun's Song, the frogs# gift #[1]#.","Dicen que después de escuchar la #Canción del Sol, las ranas# obsequian #[1]#.",PASS,PASS,PASS,PASS,PASS,"Cardinal directions, quantities, and sequence condition logic certified"
Hint::RHT_TH_1_TORCH_CARPENTER::125,They say that #defeating the Gerudo in a room with 1 torch# reveals #[1]#.,Dicen que #derrotar a la Gerudo en una sala con 1 antorcha# revela #[1]#.,PASS,PASS,PASS,PASS,PASS,"Cardinal directions, quantities, and sequence condition logic certified"
Hint::RHT_LH_ISLAND_SUN_FAIRY::414,They say that #summoning the sun on the lake's island# calls #[1]#.,Dicen que #invocar el sol en la isla del lago# llama a #[1]#.,PASS,PASS,PASS,PASS,PASS,"Cardinal directions, quantities, and sequence condition logic certified"
Hint::RHT_TH_KITCHEN_SUN_FAIRY::420,They say that #calling the sun in a guarded kitchen# exposes #[1]#.,Dicen que #invocar el sol en una cocina custodiada# expone #[1]#.,PASS,PASS,PASS,PASS,PASS,"Cardinal directions, quantities, and sequence condition logic certified"
Hint::RHT_LW_DEKU_SCRUB_GROTTO_SUN_FAIRY::421,They say that #calling the sun for scrubs in the Lost Woods# reveals #[1]#.,Dicen que #invocar el sol para los Dekus en los Bosques Perdidos# revela #[1]#.,PASS,PASS,PASS,PASS,PASS,"Cardinal directions, quantities, and sequence condition logic certified"
Hint::RHT_GRAVEYARD_ROYAL_FAMILYS_TOMB_SUN_FAIRY::422,They say that #calling the sun in a royal tomb# reveals #[1]#.,Dicen que #invocar el sol en una tumba real# revela #[1]#.,PASS,PASS,PASS,PASS,PASS,"Cardinal directions, quantities, and sequence condition logic certified"
Hint::RHT_LIGHT_ARROWS::107,the Light Arrows,las Flechas de Luz,PASS,PASS,PASS,PASS,PASS,"Cardinal directions, quantities, and sequence condition logic certified"
Hint::RHT_PROGRESSIVE_SCALE::208,a deeper dive,un buceo más profundo,PASS,PASS,PASS,PASS,PASS,"Cardinal directions, quantities, and sequence condition logic certified"
Hint::RHT_EPONAS_SONG::301,Malon's melody,la melodía de Malon,PASS,PASS,PASS,PASS,PASS,"Cardinal directions, quantities, and sequence condition logic certified"
Hint::RHT_SUNS_SONG::308,the Sun's Song,la Canción del Sol,PASS,PASS,PASS,PASS,PASS,"Cardinal directions, quantities, and sequence condition logic certified"
Hint::RHT_PRELUDE_OF_LIGHT::349,the Prelude of Light,el Preludio de la Luz,PASS,PASS,PASS,PASS,PASS,"Cardinal directions, quantities, and sequence condition logic certified"
Hint::RHT_PRELUDE_OF_LIGHT::351,a luminous prologue melody,una melodía luminosa de prólogo,PASS,PASS,PASS,PASS,PASS,"Cardinal directions, quantities, and sequence condition logic certified"
Hint::RHT_LIGHT_MEDALLION::615,the Light Medallion,el Medallón de la Luz,PASS,PASS,PASS,PASS,PASS,"Cardinal directions, quantities, and sequence condition logic certified"
Hint::RHT_SHEIK_IN_CRATER::15,They say that the #crater's melody# is #[1]#.,Dicen que la #melodía del cráter# es #[1]#.,PASS,PASS,PASS,PASS,PASS,"Cardinal directions, quantities, and sequence condition logic certified"
Hint::RHT_LH_SUN::54,They say that shooting #the sun# grants #[1]#.,Dicen que disparar al #sol# otorga #[1]#.,PASS,PASS,PASS,PASS,PASS,"Cardinal directions, quantities, and sequence condition logic certified"
Hint::RHT_LH_SUN::55,They say that staring into #the sun# grants #[1]#.,Dicen que mirar fijamente al #sol# otorga #[1]#.,PASS,PASS,PASS,PASS,PASS,"Cardinal directions, quantities, and sequence condition logic certified"
Hint::RHT_GRAVEYARD_HEART_PIECE_GRAVE_CHEST::92,They say that playing #Sun's Song# in a grave spawns #[1]#.,Dicen que tocar #Canción del Sol# en una tumba aparece #[1]#.,PASS,PASS,PASS,PASS,PASS,"Cardinal directions, quantities, and sequence condition logic certified"
Hint::RHT_FIRE_TEMPLE_MQ_GS_SKULL_ON_FIRE::134,They say that a #spider under a block in the Fire Temple# holds #[1]#.,Dicen que una araña bajo un bloque en el #Templo del Fuego# guarda #[1]#.,PASS,PASS,PASS,PASS,PASS,"Cardinal directions, quantities, and sequence condition logic certified"
Hint::RHT_FIRE_TEMPLE_MQ_GS_SKULL_ON_FIRE::135,They say that a #spider under a block in the volcano# holds #[1]#.,Dicen que una araña bajo un bloque en el #volcán# guarda #[1]#.,PASS,PASS,PASS,PASS,PASS,"Cardinal directions, quantities, and sequence condition logic certified"
Hint::RHT_GRAVEYARD_HEART_PIECE_GRAVE::250,a chest spawned by #Sun's Song#,un cofre aparecido por #Canción del Sol#,PASS,PASS,PASS,PASS,PASS,"Cardinal directions, quantities, and sequence condition logic certified"
Hint::RHT_GIFT_FROM_RAURU::396,They say that the #Sage of Light# gifts @ #[1]#.,Dicen que el #Sabio de la Luz# regala a @ #[1]#.,PASS,PASS,PASS,PASS,PASS,"Cardinal directions, quantities, and sequence condition logic certified"
Hint::RHT_BRIDGE_VANILLA_HINT::399,[ICON:6]The awakened ones require the #Shadow and Spirit Medallions# as well as the #Light Arrows#. --- PAGE ---,[ICON:6]Los Despiertos necesitan los #Medallones de Sombra y Espíritu# así como las #Flechas de Luz#. --- PAGE ---,PASS,PASS,PASS,PASS,PASS,"Cardinal directions, quantities, and sequence condition logic certified"
Hint::RHT_LIGHT_TRIAL::422,the Light Trial,la Prueba de la Luz,PASS,PASS,PASS,PASS,PASS,"Cardinal directions, quantities, and sequence condition logic certified"
Hint::RHT_ADULT_ALTAR_TEXT_END::432,"[ICON:k]Together with the Hero of Time, the awakened ones will return the light of peace to the world...","[ICON:k]Junto con el Héroe del Tiempo, los Despiertos devolverán la luz de la paz al mundo...",PASS,PASS,PASS,PASS,PASS,"Cardinal directions, quantities, and sequence condition logic certified"
Hint::RHT_SHEIK_HINT_LA_ONLY::435,I overheard Ganondorf say that he misplaced the #Light Arrows# in #[1]#.,Escuché a Ganondorf decir que extravió las #Flechas de Luz# en #[1]#.,PASS,PASS,PASS,PASS,PASS,"Cardinal directions, quantities, and sequence condition logic certified"
Hint::RHT_GANON_JOKE04::450,"You'll never deflect my bolts of energy with your sword, then shoot me with those Light Arrows you happen to have.","Nunca podrás desviar mis rayos de energía con tu espada, y luego dispararme con esas Flechas de Luz que casualmente tienes.",PASS,PASS,PASS,PASS,PASS,"Cardinal directions, quantities, and sequence condition logic certified"
Rando::ITEM::RG_ICE_ARROWS,Light Arrow,Flecha de Luz,PASS,PASS,PASS,PASS,PASS,"Cardinal directions, quantities, and sequence condition logic certified"
Rando::ITEM::L91,Sun's Song,Canción del Sol,PASS,PASS,PASS,PASS,PASS,"Cardinal directions, quantities, and sequence condition logic certified"
Rando::ITEM::L99,Prelude of Light,Preludio de la Luz,PASS,PASS,PASS,PASS,PASS,"Cardinal directions, quantities, and sequence condition logic certified"
Rando::ITEM::L251,Light Medallion,Medallón de la Luz,PASS,PASS,PASS,PASS,PASS,"Cardinal directions, quantities, and sequence condition logic certified"
ENTRANCE::L93,Lost Woods Bridge East Exit,Salida Inferior del Bosque Kokiri,PASS,PASS,PASS,PASS,PASS,"Cardinal directions, quantities, and sequence condition logic certified"
ENTRANCE::L93,Lost Woods Bridge East Exit,Salida Este del Puente del Bosque Perdido,PASS,PASS,PASS,PASS,PASS,"Cardinal directions, quantities, and sequence condition logic certified"
ENTRANCE::L94,Lost Woods South Exit,Salida Superior del Bosque Kokiri,PASS,PASS,PASS,PASS,PASS,"Cardinal directions, quantities, and sequence condition logic certified"
ENTRANCE::L94,Lost Woods South Exit,Salida Sur del Bosque Perdido,PASS,PASS,PASS,PASS,PASS,"Cardinal directions, quantities, and sequence condition logic certified"
ENTRANCE::L121,Sacred Forest Meadow South Exit,Salida Norte del Bosque Perdido,PASS,PASS,PASS,PASS,PASS,"Cardinal directions, quantities, and sequence condition logic certified"
ENTRANCE::L121,Sacred Forest Meadow South Exit,Salida Sur de la Pradera Sagrada del Bosque,PASS,PASS,PASS,PASS,PASS,"Cardinal directions, quantities, and sequence condition logic certified"
ENTRANCE::L130,Lost Woods North Exit,Salida Sur de la Pradera Sagrada del Bosque,PASS,PASS,PASS,PASS,PASS,"Cardinal directions, quantities, and sequence condition logic certified"
ENTRANCE::L130,Lost Woods North Exit,Salida Norte del Bosque Perdido,PASS,PASS,PASS,PASS,PASS,"Cardinal directions, quantities, and sequence condition logic certified"
ENTRANCE::L265,Lost Woods Bridge West Exit,Salida Boscosa del Campo de Hyrule,PASS,PASS,PASS,PASS,PASS,"Cardinal directions, quantities, and sequence condition logic certified"
ENTRANCE::L265,Lost Woods Bridge West Exit,Salida Oeste del Puente del Bosque Perdido,PASS,PASS,PASS,PASS,PASS,"Cardinal directions, quantities, and sequence condition logic certified"
ENTRANCE::L266,Market Entrance South Exit,Salida del Puente Levadizo del Campo de Hyrule,PASS,PASS,PASS,PASS,PASS,"Cardinal directions, quantities, and sequence condition logic certified"
ENTRANCE::L266,Market Entrance South Exit,Salida Sur de la Entrada del Mercado,PASS,PASS,PASS,PASS,PASS,"Cardinal directions, quantities, and sequence condition logic certified"
ENTRANCE::L270,Lake Hylia North Exit,Salida de la Cerca del Campo de Hyrule,PASS,PASS,PASS,PASS,PASS,"Cardinal directions, quantities, and sequence condition logic certified"
ENTRANCE::L270,Lake Hylia North Exit,Salida Norte del Lago Hylia,PASS,PASS,PASS,PASS,PASS,"Cardinal directions, quantities, and sequence condition logic certified"
ENTRANCE::L271,Gerudo Valley East Exit,Camino Rocoso del Campo de Hyrule,PASS,PASS,PASS,PASS,PASS,"Cardinal directions, quantities, and sequence condition logic certified"
ENTRANCE::L271,Gerudo Valley East Exit,Salida Este del Valle Gerudo,PASS,PASS,PASS,PASS,PASS,"Cardinal directions, quantities, and sequence condition logic certified"
ENTRANCE::L317,Gerudo Fortress East Exit,Salida Oeste del Valle Gerudo,PASS,PASS,PASS,PASS,PASS,"Cardinal directions, quantities, and sequence condition logic certified"
ENTRANCE::L317,Gerudo Fortress East Exit,Salida Este de la Fortaleza Gerudo,PASS,PASS,PASS,PASS,PASS,"Cardinal directions, quantities, and sequence condition logic certified"
ENTRANCE::L325,Gerudo Valley West Exit,Salida Este de la Fortaleza Gerudo,PASS,PASS,PASS,PASS,PASS,"Cardinal directions, quantities, and sequence condition logic certified"
ENTRANCE::L325,Gerudo Valley West Exit,Salida Oeste del Valle Gerudo,PASS,PASS,PASS,PASS,PASS,"Cardinal directions, quantities, and sequence condition logic certified"
ENTRANCE::L326,Haunted Wasteland East Exit,Salida de la Puerta de la Fortaleza Gerudo,PASS,PASS,PASS,PASS,PASS,"Cardinal directions, quantities, and sequence condition logic certified"
ENTRANCE::L326,Haunted Wasteland East Exit,Salida Este del Desierto Embrujado,PASS,PASS,PASS,PASS,PASS,"Cardinal directions, quantities, and sequence condition logic certified"
ENTRANCE::L331,TH 1 Torch Cell,Afueras de la Fortaleza Gerudo,PASS,PASS,PASS,PASS,PASS,"Cardinal directions, quantities, and sequence condition logic certified"
ENTRANCE::L331,TH 1 Torch Cell,Celda de 1 Antorcha en la Fortaleza Gerudo,PASS,PASS,PASS,PASS,PASS,"Cardinal directions, quantities, and sequence condition logic certified"
ENTRANCE::L332,TH 1 Torch Cell,Celda de 1 Antorcha en la Fortaleza Gerudo,PASS,PASS,PASS,PASS,PASS,"Cardinal directions, quantities, and sequence condition logic certified"
ENTRANCE::L345,TH 1 Torch Cell,Celda de 1 Antorcha en la Fortaleza Gerudo,PASS,PASS,PASS,PASS,PASS,"Cardinal directions, quantities, and sequence condition logic certified"
ENTRANCE::L360,Desert Colossus East Exit,Salida Oeste del Desierto Embrujado,PASS,PASS,PASS,PASS,PASS,"Cardinal directions, quantities, and sequence condition logic certified"
ENTRANCE::L360,Desert Colossus East Exit,Salida Este del Coloso del Desierto,PASS,PASS,PASS,PASS,PASS,"Cardinal directions, quantities, and sequence condition logic certified"
ENTRANCE::L361,Haunted Wasteland West Exit,Salida Este del Coloso del Desierto,PASS,PASS,PASS,PASS,PASS,"Cardinal directions, quantities, and sequence condition logic certified"
ENTRANCE::L361,Haunted Wasteland West Exit,Salida Oeste del Desierto Embrujado,PASS,PASS,PASS,PASS,PASS,"Cardinal directions, quantities, and sequence condition logic certified"
ENTRANCE::L374,Market South Exit,Salida Norte de la Entrada del Mercado,PASS,PASS,PASS,PASS,PASS,"Cardinal directions, quantities, and sequence condition logic certified"
ENTRANCE::L374,Market South Exit,Salida Sur del Mercado,PASS,PASS,PASS,PASS,PASS,"Cardinal directions, quantities, and sequence condition logic certified"
ENTRANCE::L376,Market Entrance North Exit,Salida Sur del Mercado,PASS,PASS,PASS,PASS,PASS,"Cardinal directions, quantities, and sequence condition logic certified"
ENTRANCE::L376,Market Entrance North Exit,Salida Norte de la Entrada del Mercado,PASS,PASS,PASS,PASS,PASS,"Cardinal directions, quantities, and sequence condition logic certified"
ENTRANCE::L377,Castle Grounds South Exit,Salida del Castillo del Mercado,PASS,PASS,PASS,PASS,PASS,"Cardinal directions, quantities, and sequence condition logic certified"
ENTRANCE::L377,Castle Grounds South Exit,Salida Sur de los Terrenos del Castillo,PASS,PASS,PASS,PASS,PASS,"Cardinal directions, quantities, and sequence condition logic certified"
LOCATION::RC_LH_LAB_DIVE,Lh Lab Dive,Lago Hylia Laboratorio Buceo,PASS,PASS,PASS,PASS,PASS,"Cardinal directions, quantities, and sequence condition logic certified"
LOCATION::RC_LH_SUN,Lh Sun,Lago Hylia Sol,PASS,PASS,PASS,PASS,PASS,"Cardinal directions, quantities, and sequence condition logic certified"
LOCATION::RC_TH_1_TORCH_CARPENTER,Th 1 Torch Carpenter,Guarida de Ladrones Carpintero 1 Antorcha,PASS,PASS,PASS,PASS,PASS,"Cardinal directions, quantities, and sequence condition logic certified"
LOCATION::RC_DODONGOS_CAVERN_MQ_TORCH_PUZZLE_ROOM_CHEST,Dodongos Cavern Mq Torch Puzzle Room Chest,Caverna de los Dodongo Mq Cofre de la Sala del Rompecabezas de Antorchas,PASS,PASS,PASS,PASS,PASS,"Cardinal directions, quantities, and sequence condition logic certified"
LOCATION::RC_FOREST_TEMPLE_EYE_SWITCH_CHEST,Forest Temple Eye Switch Chest,Templo del Bosque Cofre del Interruptor de Ojo,PASS,PASS,PASS,PASS,PASS,"Cardinal directions, quantities, and sequence condition logic certified"
LOCATION::RC_SPIRIT_TEMPLE_CHILD_CLIMB_NORTH_CHEST,Spirit Temple Child Climb North Chest,Templo del Espíritu Cofre de Escalada Norte del Niño,PASS,PASS,PASS,PASS,PASS,"Cardinal directions, quantities, and sequence condition logic certified"
LOCATION::RC_SPIRIT_TEMPLE_CHILD_CLIMB_EAST_CHEST,Spirit Temple Child Climb East Chest,Templo del Espíritu Cofre de Escalada Este del Niño,PASS,PASS,PASS,PASS,PASS,"Cardinal directions, quantities, and sequence condition logic certified"
LOCATION::RC_SPIRIT_TEMPLE_SUN_BLOCK_ROOM_CHEST,Spirit Temple Sun Block Room Chest,Templo del Espíritu Cofre de la Sala del Bloque de Sol,PASS,PASS,PASS,PASS,PASS,"Cardinal directions, quantities, and sequence condition logic certified"
LOCATION::RC_SPIRIT_TEMPLE_MQ_CHILD_HAMMER_SWITCH_CHEST,Spirit Temple Mq Child Hammer Switch Chest,Templo del Espíritu Mq Cofre del Interruptor del Martillo del Niño,PASS,PASS,PASS,PASS,PASS,"Cardinal directions, quantities, and sequence condition logic certified"
LOCATION::RC_SPIRIT_TEMPLE_MQ_CHILD_CLIMB_NORTH_CHEST,Spirit Temple Mq Child Climb North Chest,Templo del Espíritu Mq Cofre de Escalada Norte del Niño,PASS,PASS,PASS,PASS,PASS,"Cardinal directions, quantities, and sequence condition logic certified"
LOCATION::RC_SPIRIT_TEMPLE_MQ_CHILD_CLIMB_SOUTH_CHEST,Spirit Temple Mq Child Climb South Chest,Templo del Espíritu Mq Cofre de Escalada Sur del Niño,PASS,PASS,PASS,PASS,PASS,"Cardinal directions, quantities, and sequence condition logic certified"
LOCATION::RC_SPIRIT_TEMPLE_MQ_SILVER_BLOCK_HALLWAY_CHEST,Spirit Temple Mq Silver Block Hallway Chest,Templo del Espíritu Mq Cofre del Pasillo del Bloque de Plata,PASS,PASS,PASS,PASS,PASS,"Cardinal directions, quantities, and sequence condition logic certified"
LOCATION::RC_SPIRIT_TEMPLE_MQ_SUN_BLOCK_ROOM_CHEST,Spirit Temple Mq Sun Block Room Chest,Templo del Espíritu Mq Cofre de la Sala del Bloque de Sol,PASS,PASS,PASS,PASS,PASS,"Cardinal directions, quantities, and sequence condition logic certified"
LOCATION::RC_SPIRIT_TEMPLE_MQ_CHEST_SWITCH_CHEST,Spirit Temple Mq Chest Switch Chest,Templo del Espíritu Mq Cofre del Interruptor del Cofre,PASS,PASS,PASS,PASS,PASS,"Cardinal directions, quantities, and sequence condition logic certified"
LOCATION::RC_SHADOW_TEMPLE_FALLING_SPIKES_SWITCH_CHEST,Shadow Temple Falling Spikes Switch Chest,Templo de la Sombra Cofre del Interruptor de las Púas Caídas,PASS,PASS,PASS,PASS,PASS,"Cardinal directions, quantities, and sequence condition logic certified"
LOCATION::RC_SHADOW_TEMPLE_MQ_FALLING_SPIKES_SWITCH_CHEST,Shadow Temple Mq Falling Spikes Switch Chest,Templo de la Sombra Mq Cofre del Interruptor de las Púas Caídas,PASS,PASS,PASS,PASS,PASS,"Cardinal directions, quantities, and sequence condition logic certified"
LOCATION::RC_BOTTOM_OF_THE_WELL_MQ_EAST_INNER_ROOM_FREESTANDING_KEY,Bottom Of The Well Mq East Inner Room Freestanding Key,Fondo del Pozo Mq Este Interior Sala Independiente Llave,PASS,PASS,PASS,PASS,PASS,"Cardinal directions, quantities, and sequence condition logic certified"
LOCATION::RC_GERUDO_TRAINING_GROUND_HAMMER_ROOM_SWITCH_CHEST,Gerudo Training Ground Hammer Room Switch Chest,Campo de Entrenamiento Gerudo Cofre del Interruptor de la Sala del Martillo,PASS,PASS,PASS,PASS,PASS,"Cardinal directions, quantities, and sequence condition logic certified"
LOCATION::RC_GERUDO_TRAINING_GROUND_BEFORE_HEAVY_BLOCK_CHEST,Gerudo Training Ground Before Heavy Block Chest,Campo de Entrenamiento Gerudo Cofre Antes del Bloque Pesado,PASS,PASS,PASS,PASS,PASS,"Cardinal directions, quantities, and sequence condition logic certified"
LOCATION::RC_GERUDO_TRAINING_GROUND_HEAVY_BLOCK_FIRST_CHEST,Gerudo Training Ground Heavy Block First Chest,Campo de Entrenamiento Gerudo Cofre Primer del Bloque Pesado,PASS,PASS,PASS,PASS,PASS,"Cardinal directions, quantities, and sequence condition logic certified"
LOCATION::RC_GERUDO_TRAINING_GROUND_HEAVY_BLOCK_SECOND_CHEST,Gerudo Training Ground Heavy Block Second Chest,Campo de Entrenamiento Gerudo Cofre Segundo del Bloque Pesado,PASS,PASS,PASS,PASS,PASS,"Cardinal directions, quantities, and sequence condition logic certified"
LOCATION::RC_GERUDO_TRAINING_GROUND_HEAVY_BLOCK_THIRD_CHEST,Gerudo Training Ground Heavy Block Third Chest,Campo de Entrenamiento Gerudo Cofre Tercer del Bloque Pesado,PASS,PASS,PASS,PASS,PASS,"Cardinal directions, quantities, and sequence condition logic certified"
LOCATION::RC_GERUDO_TRAINING_GROUND_HEAVY_BLOCK_FOURTH_CHEST,Gerudo Training Ground Heavy Block Fourth Chest,Campo de Entrenamiento Gerudo Cofre Cuarto del Bloque Pesado,PASS,PASS,PASS,PASS,PASS,"Cardinal directions, quantities, and sequence condition logic certified"
LOCATION::RC_GERUDO_TRAINING_GROUND_MQ_BEFORE_HEAVY_BLOCK_CHEST,Gerudo Training Ground Mq Before Heavy Block Chest,Campo de Entrenamiento Gerudo Mq Cofre Antes del Bloque Pesado,PASS,PASS,PASS,PASS,PASS,"Cardinal directions, quantities, and sequence condition logic certified"
LOCATION::RC_GERUDO_TRAINING_GROUND_MQ_HEAVY_BLOCK_CHEST,Gerudo Training Ground Mq Heavy Block Chest,Campo de Entrenamiento Gerudo Mq Bloque Pesado Cofre,PASS,PASS,PASS,PASS,PASS,"Cardinal directions, quantities, and sequence condition logic certified"
LOCATION::RC_GANONS_CASTLE_SPIRIT_TRIAL_CRYSTAL_SWITCH_CHEST,Ganons Castle Spirit Trial Crystal Switch Chest,Castillo de Ganon Espíritu Prueba Crystal Interruptor Cofre,PASS,PASS,PASS,PASS,PASS,"Cardinal directions, quantities, and sequence condition logic certified"
LOCATION::RC_GANONS_CASTLE_LIGHT_TRIAL_FIRST_LEFT_CHEST,Ganons Castle Light Trial First Left Chest,Castillo de Ganon Cofre Primer Izquierda de la Prueba de la Luz,PASS,PASS,PASS,PASS,PASS,"Cardinal directions, quantities, and sequence condition logic certified"
LOCATION::RC_GANONS_CASTLE_LIGHT_TRIAL_SECOND_LEFT_CHEST,Ganons Castle Light Trial Second Left Chest,Castillo de Ganon Cofre Segundo Izquierda de la Prueba de la Luz,PASS,PASS,PASS,PASS,PASS,"Cardinal directions, quantities, and sequence condition logic certified"
LOCATION::RC_GANONS_CASTLE_LIGHT_TRIAL_THIRD_LEFT_CHEST,Ganons Castle Light Trial Third Left Chest,Castillo de Ganon Cofre Tercer Izquierda de la Prueba de la Luz,PASS,PASS,PASS,PASS,PASS,"Cardinal directions, quantities, and sequence condition logic certified"
LOCATION::RC_GANONS_CASTLE_LIGHT_TRIAL_FIRST_RIGHT_CHEST,Ganons Castle Light Trial First Right Chest,Castillo de Ganon Cofre Primer Derecha de la Prueba de la Luz,PASS,PASS,PASS,PASS,PASS,"Cardinal directions, quantities, and sequence condition logic certified"
LOCATION::RC_GANONS_CASTLE_LIGHT_TRIAL_SECOND_RIGHT_CHEST,Ganons Castle Light Trial Second Right Chest,Castillo de Ganon Cofre Segundo Derecha de la Prueba de la Luz,PASS,PASS,PASS,PASS,PASS,"Cardinal directions, quantities, and sequence condition logic certified"
LOCATION::RC_GANONS_CASTLE_LIGHT_TRIAL_THIRD_RIGHT_CHEST,Ganons Castle Light Trial Third Right Chest,Castillo de Ganon Cofre Tercer Derecha de la Prueba de la Luz,PASS,PASS,PASS,PASS,PASS,"Cardinal directions, quantities, and sequence condition logic certified"
LOCATION::RC_GANONS_CASTLE_LIGHT_TRIAL_INVISIBLE_ENEMIES_CHEST,Ganons Castle Light Trial Invisible Enemies Chest,Castillo de Ganon Cofre de los Enemigos Invisibles de la Prueba de la Luz,PASS,PASS,PASS,PASS,PASS,"Cardinal directions, quantities, and sequence condition logic certified"
LOCATION::RC_GANONS_CASTLE_LIGHT_TRIAL_LULLABY_CHEST,Ganons Castle Light Trial Lullaby Chest,Castillo de Ganon Cofre de la Nana de la Prueba de la Luz,PASS,PASS,PASS,PASS,PASS,"Cardinal directions, quantities, and sequence condition logic certified"
LOCATION::RC_GANONS_CASTLE_MQ_FOREST_TRIAL_EYE_SWITCH_CHEST,Ganons Castle Mq Forest Trial Eye Switch Chest,Castillo de Ganon Mq Cofre del Interruptor de Ojo de la Prueba del Bosque,PASS,PASS,PASS,PASS,PASS,"Cardinal directions, quantities, and sequence condition logic certified"
LOCATION::RC_GANONS_CASTLE_MQ_FOREST_TRIAL_FROZEN_EYE_SWITCH_CHEST,Ganons Castle Mq Forest Trial Frozen Eye Switch Chest,Castillo de Ganon Mq Cofre del Interruptor de Ojo Congelado de la Prueba del Bosque,PASS,PASS,PASS,PASS,PASS,"Cardinal directions, quantities, and sequence condition logic certified"
LOCATION::RC_GANONS_CASTLE_MQ_LIGHT_TRIAL_LULLABY_CHEST,Ganons Castle Mq Light Trial Lullaby Chest,Castillo de Ganon Mq Cofre de la Nana de la Prueba de la Luz,PASS,PASS,PASS,PASS,PASS,"Cardinal directions, quantities, and sequence condition logic certified"
LOCATION::RC_GANONS_CASTLE_MQ_SHADOW_TRIAL_EYE_SWITCH_CHEST,Ganons Castle Mq Shadow Trial Eye Switch Chest,Castillo de Ganon Mq Cofre del Interruptor de Ojo de la Prueba de la Sombra,PASS,PASS,PASS,PASS,PASS,"Cardinal directions, quantities, and sequence condition logic certified"
LOCATION::RC_GANONS_CASTLE_MQ_SPIRIT_TRIAL_SUN_BACK_RIGHT_CHEST,Ganons Castle Mq Spirit Trial Sun Back Right Chest,Castillo de Ganon Mq Cofre Sol Atrás Derecha de la Prueba del Espíritu,PASS,PASS,PASS,PASS,PASS,"Cardinal directions, quantities, and sequence condition logic certified"
LOCATION::RC_GANONS_CASTLE_MQ_SPIRIT_TRIAL_SUN_BACK_LEFT_CHEST,Ganons Castle Mq Spirit Trial Sun Back Left Chest,Castillo de Ganon Mq Cofre Sol Atrás Izquierda de la Prueba del Espíritu,PASS,PASS,PASS,PASS,PASS,"Cardinal directions, quantities, and sequence condition logic certified"
LOCATION::RC_GANONS_CASTLE_MQ_SPIRIT_TRIAL_SUN_FRONT_LEFT_CHEST,Ganons Castle Mq Spirit Trial Sun Front Left Chest,Castillo de Ganon Mq Cofre Sol Frente Izquierda de la Prueba del Espíritu,PASS,PASS,PASS,PASS,PASS,"Cardinal directions, quantities, and sequence condition logic certified"
LOCATION::RC_DODONGOS_CAVERN_MQ_GS_SONG_OF_TIME_BLOCK_ROOM,Dodongos Cavern Mq Gs Song Of Time Block Room,Caverna de los Dodongo Mq Gs Canción De Tiempo Bloque Sala,PASS,PASS,PASS,PASS,PASS,"Cardinal directions, quantities, and sequence condition logic certified"
LOCATION::RC_JABU_JABUS_BELLY_GS_WATER_SWITCH_ROOM,Jabu Jabus Belly Gs Water Switch Room,Vientre de Jabu-Jabu Gs Agua Interruptor Sala,PASS,PASS,PASS,PASS,PASS,"Cardinal directions, quantities, and sequence condition logic certified"
LOCATION::RC_FOREST_TEMPLE_MQ_GS_BLOCK_PUSH_ROOM,Forest Temple Mq Gs Block Push Room,Templo del Bosque Mq Gs Bloque Empujar Sala,PASS,PASS,PASS,PASS,PASS,"Cardinal directions, quantities, and sequence condition logic certified"
LOCATION::RC_WATER_TEMPLE_MQ_GS_BEFORE_UPPER_WATER_SWITCH,Water Temple Mq Gs Before Upper Water Switch,Templo del Agua Mq Gs Antes de Superior Agua Interruptor,PASS,PASS,PASS,PASS,PASS,"Cardinal directions, quantities, and sequence condition logic certified"
LOCATION::RC_WATER_TEMPLE_MQ_GS_TRIPLE_WALL_TORCH,Water Temple Mq Gs Triple Wall Torch,Templo del Agua Mq Gs Triple Muro Antorcha,PASS,PASS,PASS,PASS,PASS,"Cardinal directions, quantities, and sequence condition logic certified"
LOCATION::RC_SPIRIT_TEMPLE_GS_HALL_AFTER_SUN_BLOCK_ROOM,Spirit Temple Gs Hall After Sun Block Room,Templo del Espíritu Gs Hall Después de Sol Bloque Sala,PASS,PASS,PASS,PASS,PASS,"Cardinal directions, quantities, and sequence condition logic certified"
LOCATION::RC_SPIRIT_TEMPLE_GS_SUN_ON_FLOOR_ROOM,Spirit Temple Gs Sun On Floor Room,Templo del Espíritu Gs Sol En Suelo Sala,PASS,PASS,PASS,PASS,PASS,"Cardinal directions, quantities, and sequence condition logic certified"
LOCATION::RC_SPIRIT_TEMPLE_MQ_GS_NINE_THRONES_ROOM_WEST,Spirit Temple Mq Gs Nine Thrones Room West,Templo del Espíritu Mq Gs Nueve Tronos Sala Oeste,PASS,PASS,PASS,PASS,PASS,"Cardinal directions, quantities, and sequence condition logic certified"
LOCATION::RC_SPIRIT_TEMPLE_MQ_GS_NINE_THRONES_ROOM_NORTH,Spirit Temple Mq Gs Nine Thrones Room North,Templo del Espíritu Mq Gs Nueve Tronos Sala Norte,PASS,PASS,PASS,PASS,PASS,"Cardinal directions, quantities, and sequence condition logic certified"
LOCATION::RC_SPIRIT_TEMPLE_MQ_GS_SUN_BLOCK_ROOM,Spirit Temple Mq Gs Sun Block Room,Templo del Espíritu Mq Gs Sol Bloque Sala,PASS,PASS,PASS,PASS,PASS,"Cardinal directions, quantities, and sequence condition logic certified"
LOCATION::RC_BOTTOM_OF_THE_WELL_GS_EAST_INNER_ROOM,Bottom Of The Well Gs East Inner Room,Fondo del Pozo Gs Este Interior Sala,PASS,PASS,PASS,PASS,PASS,"Cardinal directions, quantities, and sequence condition logic certified"
LOCATION::RC_BOTTOM_OF_THE_WELL_GS_WEST_INNER_ROOM,Bottom Of The Well Gs West Inner Room,Fondo del Pozo Gs Oeste Interior Sala,PASS,PASS,PASS,PASS,PASS,"Cardinal directions, quantities, and sequence condition logic certified"
LOCATION::RC_BOTTOM_OF_THE_WELL_MQ_GS_WEST_INNER_ROOM,Bottom Of The Well Mq Gs West Inner Room,Fondo del Pozo Mq Gs Oeste Interior Sala,PASS,PASS,PASS,PASS,PASS,"Cardinal directions, quantities, and sequence condition logic certified"
LOCATION::RC_ICE_CAVERN_GS_PUSH_BLOCK_ROOM,Ice Cavern Gs Push Block Room,Caverna de Hielo Gs Empujar Bloque Sala,PASS,PASS,PASS,PASS,PASS,"Cardinal directions, quantities, and sequence condition logic certified"
LOCATION::RC_ICE_CAVERN_MQ_GS_ICE_BLOCK,Ice Cavern Mq Gs Ice Block,Caverna de Hielo Mq Gs Hielo Bloque,PASS,PASS,PASS,PASS,PASS,"Cardinal directions, quantities, and sequence condition logic certified"
LOCATION::RC_TOT_LIGHT_ARROWS_CUTSCENE,Tot Light Arrows Cutscene,Templo del Tiempo Escena de las Flechas de Luz,PASS,PASS,PASS,PASS,PASS,"Cardinal directions, quantities, and sequence condition logic certified"
ACCESSIBILITY::filechoose_eng::target_switch,Targeting Mode - Switch,Modo de Fijar Blanco - Alternar,PASS,PASS,PASS,PASS,PASS,"Cardinal directions, quantities, and sequence condition logic certified"
ACCESSIBILITY::kaleidoscope_eng::18,Light Arrow,Light Arrow,PASS,PASS,PASS,PASS,PASS,"Cardinal directions, quantities, and sequence condition logic certified"
ACCESSIBILITY::kaleidoscope_eng::58,Bow Light Arrow,Bow Light Arrow,PASS,PASS,PASS,PASS,PASS,"Cardinal directions, quantities, and sequence condition logic certified"
ACCESSIBILITY::kaleidoscope_eng::95,Prelude of Light,Prelude of Light,PASS,PASS,PASS,PASS,PASS,"Cardinal directions, quantities, and sequence condition logic certified"
ACCESSIBILITY::kaleidoscope_eng::99,Sun's Song,Sun's Song,PASS,PASS,PASS,PASS,PASS,"Cardinal directions, quantities, and sequence condition logic certified"
ACCESSIBILITY::kaleidoscope_eng::107,Light Medallion,Light Medallion,PASS,PASS,PASS,PASS,PASS,"Cardinal directions, quantities, and sequence condition logic certified"
