"file","sha256","size_bytes"
"libultraship\src\fast\interpreter.cpp","5B0FD2669464A8244C227C92413D7E09B1F2F48A3EE86BE72F6B9F33FADCA775","180693"
"libultraship\src\fast\backends\gfx_direct3d11.cpp","A1FA38A4358514C59C37C8FE659C8D85EF532A58662667E8DF2EEDE180AA14B2","57392"
"libultraship\src\fast\shaders\directx\default.shader.hlsl","AE79A9CB4F4ABDE2A75E099B4BB7590D0F22D12CC6B03AC126A1D66BF546372E","11332"
"libultraship\include\fast\interpreter.h","0C9D0BA728C490B21DBE2B1A9BF057EEDA1B644FF765A2D459B4E8DAA3AAE6C6","18127"
"libultraship\include\fast\backends\gfx_rendering_api.h","DD64644029D5F02F1E1776C86E8E456135542573DC34528491203A822B2A2C66","3845"
"libultraship\include\fast\backends\gfx_direct3d_common.h","AAD382320A40333D284DCBD93EAD711868E501509B75E92E741205FC42D65D67","7607"
"CMake\lus-cvars.cmake","6BDEB7296F7E57C206E695820CE6FF6F0DDD25D98F2CD7E71B8555E3ECFEAFF0","1671"
"soh\soh\framebuffer_effects.c","D648C2A4C2D3A9D5A1CF08ADFC17F0F2AF7971C602301E39AD81B9B0C7028D41","7747"
"soh\soh\framebuffer_effects.h","EA2F61EC560CB5C1FB4E99624D2896E8C3DFACCFA81B442CBD6468B9BAAC48B9","611"
